0,1.0,-0.2545454545454545,0.7454545454545455,-0.8545454545454545,0.7090909090909091,-0.8818181818181818,0.6727272727272727,-0.8818181818181818,0.5727272727272728,-0.9181818181818182,0.7833165487632902,0.8310122464239486,0.05462931395703682
0,1.0,-0.3018867924528302,0.7264150943396226,-0.9150943396226415,0.6981132075471698,-0.9528301886792453,0.6981132075471698,-0.9622641509433962,0.6415094339622641,-0.9716981132075472,0.7904036598426545,0.8446329728342751,0.05552471705439747
0,0.8918918918918919,-0.38738738738738737,0.5405405405405406,-0.9099099099099099,0.5225225225225225,-0.9369369369369369,0.4954954954954955,-0.954954954954955,0.40540540540540543,-1.0,0.807644739579565,0.8493083123502089,0.04166388471595973
0,0.8888888888888888,-0.46296296296296297,0.5092592592592593,-0.9629629629629629,0.46296296296296297,-0.9814814814814815,0.4537037037037037,-0.9907407407407407,0.39814814814814814,-1.0,0.7902578944474068,0.8446833814771199,0.06276688703774612
0,0.9038461538461539,-0.46153846153846156,0.5096153846153846,-0.9423076923076923,0.4807692307692308,-0.9711538461538461,0.46153846153846156,-0.9903846153846154,0.40384615384615385,-1.0,0.81355074165346,0.8666877734752392,0.053380275895482714
0,1.0,-0.2897196261682243,0.7663551401869159,-0.8037383177570093,0.7289719626168224,-0.8130841121495327,0.6635514018691588,-0.822429906542056,0.5887850467289719,-0.8317757009345794,0.6847264806062467,0.7147406570274032,0.0467299323426662
0,1.0,-0.22123893805309736,0.8761061946902655,-0.7433628318584071,0.8495575221238938,-0.7433628318584071,0.8230088495575221,-0.7433628318584071,0.7787610619469026,-0.7079646017699115,0.640715938732104,0.64876795147581,0.031698591680466695
0,1.0,-0.22549019607843138,0.7941176470588235,-0.7843137254901961,0.7549019607843137,-0.7941176470588235,0.7058823529411765,-0.8235294117647058,0.6176470588235294,-0.8627450980392157,0.7422890150960125,0.7717770654364907,0.05038303337694354
0,1.0,-0.39080459770114945,0.7126436781609196,-0.9310344827586207,0.6666666666666666,-0.9540229885057471,0.6206896551724138,-0.9655172413793104,0.5402298850574713,-0.9885057471264368,0.7201199452800338,0.7702140242711096,0.06049506040189035
0,1.0,-0.35,0.7,-0.9,0.675,-0.9125,0.6625,-0.925,0.625,-0.925,0.7724471401481401,0.800979210692759,0.03446227583977888
0,1.0,-0.2564102564102564,0.7692307692307693,-0.8205128205128205,0.7564102564102564,-0.8461538461538461,0.7435897435897436,-0.8589743589743589,0.7051282051282052,-0.8846153846153846,0.7584259865625702,0.7940027176288091,0.03567335763419138
0,1.0,-0.23809523809523808,0.7976190476190477,-0.8095238095238095,0.7738095238095238,-0.8214285714285714,0.7380952380952381,-0.8333333333333334,0.6666666666666666,-0.8571428571428571,0.742292883592369,0.7661007291745773,0.03259560458350245
0,0.9876543209876543,-0.38271604938271603,0.6296296296296297,-0.9629629629629629,0.5925925925925926,-1.0,0.5802469135802469,-1.0,0.5185185185185185,-1.0,0.8343788617361544,0.8968737709728827,0.06409875968319503
0,1.0,-0.3176470588235294,0.7294117647058823,-0.8705882352941177,0.6705882352941176,-0.8705882352941177,0.611764705882353,-0.8470588235294118,0.5058823529411764,-0.8470588235294118,0.733428582252714,0.76682182877924,0.07008274649012562
0,1.0,-0.12643678160919541,0.8505747126436781,-0.6781609195402298,0.8045977011494253,-0.7241379310344828,0.7471264367816092,-0.7471264367816092,0.6666666666666666,-0.7816091954022989,0.7174812544876804,0.789317731503361,0.08161565865007725
0,1.0,-0.16470588235294117,0.7647058823529411,-0.7411764705882353,0.7411764705882353,-0.7764705882352941,0.7176470588235294,-0.788235294117647,0.6352941176470588,-0.8588235294117647,0.8165451689000937,0.8711296897957869,0.05562824201079962
0,1.0,-0.24390243902439024,0.6707317073170732,-0.7926829268292683,0.6463414634146342,-0.8292682926829268,0.6219512195121951,-0.8414634146341463,0.5121951219512195,-0.9146341463414634,0.8520999633154576,0.9105816696282717,0.058543711881775894
0,1.0,-0.2840909090909091,0.75,-0.875,0.7272727272727273,-0.8977272727272727,0.7272727272727273,-0.9204545454545454,0.6590909090909091,-0.9318181818181818,0.7856407352959986,0.8222463505467296,0.03935589838457901
0,1.0,-0.32432432432432434,0.7432432432432432,-0.8918918918918919,0.6891891891891891,-0.918918918918919,0.6351351351351351,-0.918918918918919,0.5675675675675675,-0.9324324324324325,0.7383436596000716,0.7952204582498408,0.07162985638908674
0,1.0,-0.2125,0.825,-0.8125,0.8125,-0.8375,0.8125,-0.8625,0.7875,-0.875,0.7704169392017071,0.8043388984922526,0.034454092941446794
0,1.0,-0.13978494623655913,0.8602150537634409,-0.7634408602150538,0.8279569892473119,-0.7956989247311828,0.8172043010752689,-0.8172043010752689,0.7526881720430108,-0.8387096774193549,0.7685726352594271,0.8154379028569967,0.05485918500032468
0,1.0,-0.43209876543209874,0.7654320987654321,-0.9382716049382716,0.7407407407407407,-0.9382716049382716,0.7160493827160493,-0.9012345679012346,0.6666666666666666,-0.8765432098765432,0.6270135067287874,0.6391778508289954,0.027751024638778977
0,0.9615384615384616,-0.5128205128205128,0.6666666666666666,-1.0,0.6025641025641025,-0.9871794871794872,0.5384615384615384,-0.9743589743589743,0.48717948717948717,-0.9358974358974359,0.6534247168849874,0.6825807412291277,0.07500991783230576
0,0.974025974025974,-0.4935064935064935,0.6493506493506493,-0.987012987012987,0.6233766233766234,-0.987012987012987,0.5974025974025974,-1.0,0.5584415584415584,-0.987012987012987,0.7054889780142501,0.7230025864107953,0.031019870714101266
0,0.8414634146341463,-0.5487804878048781,0.5487804878048781,-1.0,0.524390243902439,-0.9878048780487805,0.5,-0.9634146341463414,0.43902439024390244,-0.9512195121951219,0.6547498584356058,0.6592787317286705,0.033197135609138506
0,1.0,-0.4431818181818182,0.7045454545454546,-0.9545454545454546,0.6704545454545454,-0.9431818181818182,0.6363636363636364,-0.9090909090909091,0.5568181818181818,-0.8977272727272727,0.691719977954083,0.7013841812499808,0.0420889437396518
0,1.0,-0.31313131313131315,0.7878787878787878,-0.8787878787878788,0.7676767676767676,-0.8888888888888888,0.7474747474747475,-0.898989898989899,0.6565656565656566,-0.9292929292929293,0.735628828330636,0.7560147122134643,0.027503266206804603
0,0.9876543209876543,-0.37037037037037035,0.6666666666666666,-0.9506172839506173,0.6419753086419753,-0.9629629629629629,0.6296296296296297,-0.9753086419753086,0.5432098765432098,-1.0,0.8278122728885414,0.8564412918938504,0.03446227583977888
0,1.0,-0.2808988764044944,0.797752808988764,-0.9213483146067416,0.7640449438202247,-0.898876404494382,0.7303370786516854,-0.9101123595505618,0.6741573033707865,-0.9325842696629213,0.7982014375770512,0.786158793802342,0.04814682726565614
0,0.8522727272727273,-0.4431818181818182,0.5113636363636364,-0.9772727272727273,0.4659090909090909,-0.9772727272727273,0.4431818181818182,-1.0,0.36363636363636365,-0.9886363636363636,0.822649552111894,0.8558487857682578,0.059015283248865624
0,0.79,-0.48,0.51,-0.99,0.49,-1.0,0.49,-0.99,0.46,-0.93,0.7630959964132675,0.7873942330924467,0.029328161605091344
1,0.08771929824561403,-1.0,0.043859649122807015,-0.5087719298245614,0.0,-0.3684210526315789,-0.07017543859649122,-0.23684210526315788,-0.12280701754385964,-0.09649122807017543,0.6496812493300635,0.8399810513603337,0.19370518447145474
1,0.0392156862745098,-1.0,-0.0196078431372549,-0.5294117647058824,-0.06862745098039216,-0.39215686274509803,-0.12745098039215685,-0.2549019607843137,-0.17647058823529413,-0.11764705882352941,0.584470563344347,0.760810171322861,0.17961841142440754
1,0.2018348623853211,-1.0,0.1559633027522936,-0.5229357798165137,0.09174311926605505,-0.3853211009174312,0.01834862385321101,-0.23853211009174313,-0.06422018348623854,-0.11926605504587157,0.657690402151065,0.8569409298033871,0.20839870586326642
1,0.36220472440944884,-1.0,0.30708661417322836,-0.49606299212598426,0.25984251968503935,-0.3700787401574803,0.2204724409448819,-0.23622047244094488,0.16535433070866143,-0.13385826771653545,0.7090767996569497,0.8926488285442418,0.18820121990879252
1,0.29508196721311475,-1.0,0.2540983606557377,-0.45081967213114754,0.19672131147540983,-0.32786885245901637,0.1557377049180328,-0.1885245901639344,0.10655737704918032,-0.09836065573770492,0.8395665280536783,1.0355938952130914,0.20684718731635457
1,-0.02727272727272727,-1.0,0.00909090909090909,-0.4727272727272727,0.0,-0.33636363636363636,-0.05454545454545454,-0.20909090909090908,-0.08181818181818182,-0.06363636363636363,0.7595977444385248,0.9545849897000271,0.1964172091263126
1,-0.13333333333333333,-1.0,-0.08571428571428572,-0.49523809523809526,-0.08571428571428572,-0.3523809523809524,-0.12380952380952381,-0.19047619047619047,-0.1523809523809524,-0.01904761904761905,0.6704360790429421,0.8586916259550509,0.18890728816277857
1,-0.16666666666666666,-1.0,-0.09803921568627451,-0.4411764705882353,-0.09803921568627451,-0.30392156862745096,-0.12745098039215685,-0.1568627450980392,-0.12745098039215685,0.0,0.7692735567611082,0.9556841199316535,0.18753551012506484
1,0.00909090909090909,-1.0,0.02727272727272727,-0.45454545454545453,0.0,-0.3181818181818182,-0.00909090909090909,-0.18181818181818182,-0.00909090909090909,-0.045454545454545456,0.8389912097274916,1.0482500298115902,0.21378289220608837
1,0.2037037037037037,-1.0,0.1111111111111111,-0.4074074074074074,0.06481481481481481,-0.25925925925925924,0.027777777777777776,-0.09259259259259259,0.018518518518518517,0.046296296296296294,1.0023917757197789,1.2595421232151218,0.25940175795597714
1,-0.03488372093023256,-1.0,-0.05813953488372093,-0.37209302325581395,-0.03488372093023256,-0.16279069767441862,-0.06976744186046512,0.046511627906976744,-0.09302325581395349,0.26744186046511625,0.9611234594650531,1.2806199068328796,0.3221251797760384
1,-0.22,-1.0,-0.13,-0.46,-0.11,-0.3,-0.13,-0.15,-0.11,-0.01,0.7742092740338364,1.0020977996183804,0.22803508501982758
1,0.07920792079207921,-1.0,-0.009900990099009901,-0.5445544554455446,-0.0594059405940594,-0.40594059405940597,-0.10891089108910891,-0.27722772277227725,-0.1485148514851485,-0.1188118811881188,0.5986662718552769,0.7869241336810414,0.18987417487338798
1,0.008928571428571428,-1.0,0.03571428571428571,-0.5,-0.008928571428571428,-0.35714285714285715,-0.05357142857142857,-0.21428571428571427,-0.08928571428571429,-0.07142857142857142,0.6705752356724554,0.861265735664217,0.20044274699807668
1,0.014492753623188406,-1.0,-0.028985507246376812,-0.5217391304347826,-0.057971014492753624,-0.37681159420289856,-0.11594202898550725,-0.2463768115942029,-0.14492753623188406,-0.11594202898550725,0.6225552255218549,0.8133201011964701,0.1915990636724021
1,-0.014925373134328358,-1.0,-0.07462686567164178,-0.5373134328358209,-0.11940298507462686,-0.40298507462686567,-0.14925373134328357,-0.26865671641791045,-0.16417910447761194,-0.13432835820895522,0.5819348591059263,0.7560271972953486,0.17662344282283912
1,-0.08955223880597014,-1.0,-0.14925373134328357,-0.5373134328358209,-0.16417910447761194,-0.40298507462686567,-0.208955223880597,-0.2537313432835821,-0.23880597014925373,-0.11940298507462686,0.5464376744234789,0.7047255790797514,0.15830705825823602
1,0.023529411764705882,-1.0,0.023529411764705882,-0.5176470588235295,-0.011764705882352941,-0.36470588235294116,-0.07058823529411765,-0.23529411764705882,-0.09411764705882353,-0.07058823529411765,0.6544312452634502,0.8632629552669949,0.2129561421310444
1,0.22826086956521738,-1.0,0.13043478260869565,-0.4673913043478261,0.06521739130434782,-0.33695652173913043,0.010869565217391304,-0.20652173913043478,-0.03260869565217391,-0.07608695652173914,0.7864412932950884,0.9916169931739061,0.2117881577726635
1,0.4329896907216495,-1.0,0.28865979381443296,-0.422680412371134,0.2268041237113402,-0.29896907216494845,0.17525773195876287,-0.14432989690721648,0.12371134020618557,-0.061855670103092786,0.8720991632079059,1.0708735423955458,0.20269807579066926
1,0.3181818181818182,-1.0,0.2636363636363636,-0.4909090909090909,0.21818181818181817,-0.37272727272727274,0.19090909090909092,-0.22727272727272727,0.14545454545454545,-0.11818181818181818,0.7593565909933482,0.9420589177671576,0.18779327787600752
1,0.12962962962962962,-1.0,0.16666666666666666,-0.5185185185185185,0.1574074074074074,-0.3888888888888889,0.1388888888888889,-0.25925925925925924,0.1111111111111111,-0.16666666666666666,0.7145001823026433,0.9051280333503966,0.1922874787251486
1,0.014925373134328358,-1.0,0.014925373134328358,-0.5074626865671642,-0.05970149253731343,-0.3582089552238806,-0.1044776119402985,-0.22388059701492538,-0.14925373134328357,-0.08955223880597014,0.6416542891955919,0.8417283506316565,0.2173913043478261
1,0.0,-1.0,-0.04477611940298507,-0.5671641791044776,-0.07462686567164178,-0.43283582089552236,-0.1044776119402985,-0.26865671641791045,-0.16417910447761194,-0.13432835820895522,0.5427958944350979,0.7135723102398766,0.1716471331003224
1,0.3103448275862069,-1.0,0.2413793103448276,-0.4942528735632184,0.19540229885057472,-0.3563218390804598,0.1724137931034483,-0.20689655172413793,0.13793103448275862,-0.10344827586206896,0.7139274661922713,0.914544603895765,0.20335770241258305
1,0.17647058823529413,-1.0,-0.03529411764705882,-0.5176470588235295,-0.08235294117647059,-0.4,-0.1411764705882353,-0.27058823529411763,-0.21176470588235294,-0.1411764705882353,0.6436273753866497,0.7983712759204679,0.15481260332660363
1,0.2318840579710145,-1.0,-0.028985507246376812,-0.5072463768115942,-0.10144927536231885,-0.37681159420289856,-0.18840579710144928,-0.2463768115942029,-0.2608695652173913,-0.11594202898550725,0.6758625033664688,0.8567091789422772,0.18087578440110785
1,0.15873015873015872,-1.0,-0.09523809523809523,-0.5873015873015873,-0.15873015873015872,-0.47619047619047616,-0.2222222222222222,-0.3333333333333333,-0.2857142857142857,-0.20634920634920634,0.5669032636568849,0.7165530516731257,0.14971236790408557
1,0.21428571428571427,-1.0,0.16326530612244897,-0.4897959183673469,0.10204081632653061,-0.3469387755102041,0.030612244897959183,-0.21428571428571427,-0.05102040816326531,-0.09183673469387756,0.7156608033108545,0.9248649920662452,0.2169304578186562
1,0.358974358974359,-1.0,0.3333333333333333,-0.49572649572649574,0.28205128205128205,-0.37606837606837606,0.23931623931623933,-0.23076923076923078,0.19658119658119658,-0.1282051282051282,0.6988944583846776,0.8701567951499064,0.18019505798529353
2,0.45454545454545453,-0.5303030303030303,0.2727272727272727,-0.9242424242424242,0.17424242424242425,-1.0,0.06060606060606061,-0.9393939393939394,-0.07575757575757576,-0.8181818181818182,0.7904941047856685,0.9965648753450903,0.22637989472260148
2,0.4603174603174603,-0.5476190476190477,0.25396825396825395,-0.9285714285714286,0.15873015873015872,-1.0,0.047619047619047616,-0.9444444444444444,-0.07936507936507936,-0.8174603174603174,0.7769204775250891,0.9749755246404724,0.2134812295392891
2,0.4,-0.5666666666666667,0.18333333333333332,-0.9333333333333333,0.09166666666666666,-1.0,-0.008333333333333333,-0.9416666666666667,-0.14166666666666666,-0.8,0.7728529120080739,0.9650892239338354,0.205681923704666
2,0.3853211009174312,-0.5871559633027523,0.1651376146788991,-0.926605504587156,0.06422018348623854,-1.0,-0.03669724770642202,-0.9357798165137615,-0.1559633027522936,-0.8073394495412844,0.7300840677331595,0.9437451848700845,0.22516398822848543
2,0.33653846153846156,-0.625,0.08653846153846154,-0.9519230769230769,-0.028846153846153848,-1.0,-0.11538461538461539,-0.9423076923076923,-0.22115384615384615,-0.7884615384615384,0.729236035818403,0.9277217439795943,0.22148725420119528
2,0.3490566037735849,-0.6037735849056604,0.09433962264150944,-0.9528301886792453,-0.009433962264150943,-1.0,-0.11320754716981132,-0.9433962264150944,-0.22641509433962265,-0.7924528301886793,0.7645678160821887,0.9454323328002653,0.2016924765895962
2,0.4435483870967742,-0.5645161290322581,0.25806451612903225,-0.9193548387096774,0.1693548387096774,-1.0,0.06451612903225806,-0.9435483870967742,-0.06451612903225806,-0.8064516129032258,0.7107200228076259,0.9134693369282829,0.21280715506275077
2,0.5555555555555556,-0.5037037037037037,0.45185185185185184,-0.9037037037037037,0.37777777777777777,-1.0,0.25925925925925924,-0.9555555555555556,0.1037037037037037,-0.837037037037037,0.6959583153132782,0.8878777214510042,0.20461599223950128
2,0.5789473684210527,-0.48120300751879697,0.44360902255639095,-0.8947368421052632,0.3609022556390977,-1.0,0.24812030075187969,-0.9774436090225563,0.08270676691729323,-0.8796992481203008,0.7342464412209222,0.9496330670364289,0.22589879150883327
2,0.47368421052631576,-0.5338345864661654,0.2631578947368421,-0.9172932330827067,0.17293233082706766,-1.0,0.06766917293233082,-0.9624060150375939,-0.08270676691729323,-0.8421052631578947,0.779004706491397,0.987915508890848,0.21796345429377145
2,0.46218487394957986,-0.5294117647058824,0.2773109243697479,-0.9159663865546218,0.17647058823529413,-1.0,0.07563025210084033,-0.9663865546218487,-0.06722689075630252,-0.8487394957983193,0.760116950066092,0.9766154707855993,0.2328566559543064
2,0.4672897196261682,-0.5233644859813084,0.2803738317757009,-0.9158878504672897,0.18691588785046728,-1.0,0.07476635514018691,-0.9626168224299065,-0.06542056074766354,-0.8504672897196262,0.7761764545780975,0.987251702594718,0.224476624643048
2,0.6206896551724138,-0.43103448275862066,0.5172413793103449,-0.8879310344827587,0.4396551724137931,-1.0,0.3103448275862069,-0.9741379310344828,0.13793103448275862,-0.8879310344827587,0.7888848487143643,1.0054645215568716,0.2295365744024443
2,0.638095238095238,-0.42857142857142855,0.5523809523809524,-0.8857142857142857,0.47619047619047616,-1.0,0.3523809523809524,-0.9809523809523809,0.18095238095238095,-0.8952380952380953,0.756722572427074,0.9662988633944256,0.22347253967858366
2,0.6391752577319587,-0.4329896907216495,0.5463917525773195,-0.8865979381443299,0.4742268041237113,-1.0,0.36082474226804123,-0.9896907216494846,0.18556701030927836,-0.9072164948453608,0.7625192274369295,0.9725254277892904,0.22137180733492867
2,0.39215686274509803,-0.5784313725490197,0.14705882352941177,-0.9215686274509803,0.0392156862745098,-1.0,-0.058823529411764705,-0.9509803921568627,-0.17647058823529413,-0.8333333333333334,0.7597519917206911,0.9905954023566065,0.2402546750686773
2,0.3238095238095238,-0.6095238095238096,0.0380952380952381,-0.9238095238095239,-0.06666666666666667,-1.0,-0.1619047619047619,-0.9428571428571428,-0.2761904761904762,-0.819047619047619,0.7757676399315079,1.0085864346036812,0.2365920418169949
2,0.2641509433962264,-0.6509433962264151,-0.0660377358490566,-0.9339622641509434,-0.18867924528301888,-1.0,-0.27358490566037735,-0.9339622641509434,-0.37735849056603776,-0.7830188679245284,0.7905694150420949,1.0393719823273373,0.25321462647095155
2,0.35454545454545455,-0.6,0.07272727272727272,-0.9363636363636364,-0.02727272727272727,-1.0,-0.12727272727272726,-0.9545454545454546,-0.24545454545454545,-0.8181818181818182,0.7929124792032226,0.9991901739797374,0.2141764684390597
2,0.44545454545454544,-0.5454545454545454,0.21818181818181817,-0.9272727272727272,0.13636363636363635,-1.0,0.02727272727272727,-0.9636363636363636,-0.11818181818181818,-0.8363636363636363,0.8090244421185342,1.0008215803111153,0.19931389163141708
2,0.5363636363636364,-0.4727272727272727,0.38181818181818183,-0.9,0.3,-1.0,0.18181818181818182,-0.9727272727272728,0.01818181818181818,-0.8636363636363636,0.7937333370474489,1.009413448849771,0.2257117089030595
2,0.6132075471698113,-0.42452830188679247,0.5094339622641509,-0.8962264150943396,0.4339622641509434,-1.0,0.3113207547169811,-0.9905660377358491,0.1320754716981132,-0.8962264150943396,0.8093739731687011,1.0100717493155171,0.21503125444898127
2,0.6728971962616822,-0.40186915887850466,0.5700934579439252,-0.8878504672897196,0.4953271028037383,-1.0,0.35514018691588783,-0.9813084112149533,0.17757009345794392,-0.897196261682243,0.790132515635949,0.9924577450403657,0.214398812563711
2,0.4915254237288136,-0.5084745762711864,0.2457627118644068,-0.923728813559322,0.1440677966101695,-1.0,0.03389830508474576,-0.940677966101695,-0.1016949152542373,-0.8135593220338984,0.8718604704613615,1.0876046795774128,0.22968452802704378
2,0.2892561983471074,-0.6528925619834711,-0.0743801652892562,-0.9586776859504132,-0.19008264462809918,-1.0,-0.2727272727272727,-0.9173553719008265,-0.35537190082644626,-0.7520661157024794,0.8519947266716511,1.0612682780549463,0.22031664611471896
2,0.3977272727272727,-0.5681818181818182,0.1590909090909091,-0.9318181818181818,0.045454545454545456,-1.0,-0.056818181818181816,-0.9659090909090909,-0.17045454545454544,-0.8295454545454546,0.7709218422222942,0.987754640185975,0.23488808780588138
2,0.36904761904761907,-0.5952380952380952,0.09523809523809523,-0.9285714285714286,-0.011904761904761904,-1.0,-0.11904761904761904,-0.9523809523809523,-0.23809523809523808,-0.8333333333333334,0.7945124291035351,1.023756281092782,0.23717082451262847
2,0.37606837606837606,-0.5555555555555556,0.07692307692307693,-0.9401709401709402,-0.042735042735042736,-1.0,-0.13675213675213677,-0.9401709401709402,-0.23076923076923078,-0.7863247863247863,0.903990538467312,1.132974349906426,0.24820198284797318
2,0.6036036036036037,-0.43243243243243246,0.43243243243243246,-0.9009009009009009,0.3333333333333333,-1.0,0.21621621621621623,-0.963963963963964,0.04504504504504504,-0.8558558558558559,0.8674771308518429,1.0933587432847964,0.24375328537198052
2,0.5416666666666666,-0.4791666666666667,0.34375,-0.9166666666666666,0.23958333333333334,-1.0,0.13541666666666666,-0.96875,-0.010416666666666666,-0.8541666666666666,0.844444935044404,1.0588394305074378,0.23459232094631713
3,0.06818181818181818,-0.6060606060606061,0.24242424242424243,-1.0,0.11363636363636363,-0.4090909090909091,0.015151515151515152,-0.3106060606060606,-0.07575757575757576,-0.26515151515151514,0.7394331431883423,0.34700525946016353,1.0381689119150292
3,0.02459016393442623,-0.5901639344262295,0.14754098360655737,-1.0,0.07377049180327869,-0.4180327868852459,-0.01639344262295082,-0.3114754098360656,-0.10655737704918032,-0.27049180327868855,0.7569415241509876,0.3166928559544968,1.037764628770253
3,-0.01680672268907563,-0.6050420168067226,0.05042016806722689,-1.0,0.03361344537815126,-0.42857142857142855,-0.04201680672268908,-0.3277310924369748,-0.12605042016806722,-0.2689075630252101,0.7192331424192724,0.32948008035391574,1.0262818510866412
3,0.17796610169491525,-0.6101694915254238,0.3983050847457627,-1.0,0.17796610169491525,-0.4322033898305085,0.059322033898305086,-0.3305084745762712,-0.0423728813559322,-0.2966101694915254,0.73809246561991,0.2933407242232229,1.0038948540802373
3,0.25862068965517243,-0.5689655172413793,0.5086206896551724,-1.0,0.23275862068965517,-0.4224137931034483,0.09482758620689655,-0.3103448275862069,0.0,-0.29310344827586204,0.7983433820517186,0.23842929999268525,1.0255231958651814
3,0.24468085106382978,-0.6276595744680851,0.5106382978723404,-1.0,0.22340425531914893,-0.43617021276595747,0.0851063829787234,-0.3723404255319149,-0.031914893617021274,-0.35106382978723405,0.7143842296595069,0.30080352162281887,0.9879271228182775
3,0.12,-0.62,0.29,-1.0,0.13,-0.43,0.02,-0.34,-0.09,-0.31,0.693725599129062,0.317060926658508,0.9865803255101426
3,0.029411764705882353,-0.6274509803921569,0.12745098039215685,-1.0,0.058823529411764705,-0.43137254901960786,-0.029411764705882353,-0.3431372549019608,-0.12745098039215685,-0.29411764705882354,0.6807241395320549,0.35035567590643646,1.012081876079972
3,-0.07,-0.62,-0.07,-1.0,-0.02,-0.43,-0.08,-0.33,-0.16,-0.28,0.6775998040404174,0.35033483869733456,1.020302645334369
3,0.013333333333333334,-0.6666666666666666,0.18666666666666668,-1.0,0.06666666666666667,-0.44,-0.04,-0.36,-0.16,-0.3333333333333333,0.6551253232696697,0.4060355463070503,0.9986477343374375
3,-0.12857142857142856,-0.6571428571428571,-0.1,-1.0,-0.02857142857142857,-0.45714285714285713,-0.1,-0.32857142857142857,-0.18571428571428572,-0.2714285714285714,0.6167072797141762,0.4008188340197078,0.9814676197025505
3,0.12345679012345678,-0.6419753086419753,0.3950617283950617,-1.0,0.13580246913580246,-0.43209876543209874,0.012345679012345678,-0.35802469135802467,-0.09876543209876543,-0.3333333333333333,0.7466092190973994,0.3492885972804662,1.0371719744910928
3,0.10638297872340426,-0.5531914893617021,0.1595744680851064,-1.0,0.09574468085106383,-0.4148936170212766,0.031914893617021274,-0.30851063829787234,-0.05319148936170213,-0.2872340425531915,0.7957853581734121,0.2453099899116269,1.0409321894383177
3,0.13861386138613863,-0.5445544554455446,0.1782178217821782,-1.0,0.10891089108910891,-0.44554455445544555,0.0297029702970297,-0.297029702970297,-0.04950495049504951,-0.26732673267326734,0.8090674345204322,0.18293818656691269,0.9888851132818688
3,0.1188118811881188,-0.5445544554455446,0.16831683168316833,-1.0,0.09900990099009901,-0.40594059405940597,0.039603960396039604,-0.297029702970297,-0.0297029702970297,-0.25742574257425743,0.8079256787842706,0.2469323991623974,1.0547511554864493
3,0.0449438202247191,-0.550561797752809,0.12359550561797752,-1.0,0.07865168539325842,-0.38202247191011235,0.0,-0.29213483146067415,-0.0898876404494382,-0.24719101123595505,0.815097271277383,0.3070485424381238,1.1068972831692696
3,0.07446808510638298,-0.5531914893617021,0.18085106382978725,-1.0,0.09574468085106383,-0.39361702127659576,0.0,-0.30851063829787234,-0.0851063829787234,-0.2553191489361702,0.835696661297632,0.29291624240654124,1.114131442980043
3,0.1262135922330097,-0.5631067961165048,0.2621359223300971,-1.0,0.11650485436893204,-0.36893203883495146,-0.009708737864077669,-0.3106796116504854,-0.10679611650485436,-0.34951456310679613,0.8157012223370937,0.34660036852022863,1.1546140536741623
3,0.11764705882352941,-0.5529411764705883,0.2823529411764706,-1.0,0.11764705882352941,-0.35294117647058826,-0.011764705882352941,-0.3058823529411765,-0.11764705882352941,-0.35294117647058826,0.8084843048961752,0.33938964745836475,1.1330394511084048
3,0.09302325581395349,-0.5813953488372093,0.27906976744186046,-1.0,0.11627906976744186,-0.4186046511627907,-0.023255813953488372,-0.3372093023255814,-0.13953488372093023,-0.38372093023255816,0.7853993546368057,0.28194193721730043,1.0351531917381407
3,0.06451612903225806,-0.6021505376344086,0.22580645161290322,-1.0,0.0967741935483871,-0.41935483870967744,-0.043010752688172046,-0.34408602150537637,-0.16129032258064516,-0.3978494623655914,0.7288046934807616,0.3151193952386642,1.0097822108234864
3,0.14942528735632185,-0.5287356321839081,0.22988505747126436,-1.0,0.11494252873563218,-0.3793103448275862,0.011494252873563218,-0.3103448275862069,-0.08045977011494253,-0.4367816091954023,0.8650259511678084,0.2774700332957825,1.1421463434675059
3,0.0851063829787234,-0.5638297872340425,0.24468085106382978,-1.0,0.0851063829787234,-0.4148936170212766,-0.031914893617021274,-0.3404255319148936,-0.1276595744680851,-0.30851063829787234,0.7836111227851333,0.25128535551620834,1.0232478108817173
3,0.046296296296296294,-0.5648148148148148,-0.07407407407407407,-1.0,0.027777777777777776,-0.39814814814814814,-0.05555555555555555,-0.3148148148148148,-0.12962962962962962,-0.26851851851851855,0.8122945398892272,0.3016786185682056,1.0981267472114393
3,0.09803921568627451,-0.5588235294117647,-0.06862745098039216,-1.0,0.029411764705882353,-0.39215686274509803,-0.029411764705882353,-0.30392156862745096,-0.09803921568627451,-0.2647058823529412,0.8263154877738328,0.31580759163857897,1.078779459600062
3,0.21,-0.51,0.15,-1.0,0.11,-0.37,0.04,-0.29,-0.04,-0.25,0.8324182256293803,0.29010797750571043,1.064456648081083
3,0.15315315315315314,-0.5315315315315315,0.018018018018018018,-1.0,0.07207207207207207,-0.3783783783783784,0.018018018018018018,-0.2972972972972973,-0.05405405405405406,-0.25225225225225223,0.8191577827752898,0.2911445990374589,1.0483172574010924
3,0.21495327102803738,-0.514018691588785,0.2803738317757009,-1.0,0.14018691588785046,-0.35514018691588783,0.009345794392523364,-0.34579439252336447,-0.09345794392523364,-0.37383177570093457,0.8201291216651643,0.2936746638869917,1.1037107302222888
3,0.09473684210526316,-0.5052631578947369,0.22105263157894736,-1.0,0.09473684210526316,-0.3894736842105263,-0.010526315789473684,-0.3263157894736842,-0.10526315789473684,-0.28421052631578947,0.8761848188983092,0.19869065695573312,1.069829459965214
3,0.08888888888888889,-0.5555555555555556,0.17777777777777778,-1.0,0.07777777777777778,-0.3888888888888889,-0.05555555555555555,-0.3333333333333333,-0.16666666666666666,-0.35555555555555557,0.7856275723856575,0.2895304702014525,1.073348569354481
4,-0.05172413793103448,-0.5517241379310345,0.22413793103448276,-0.9482758620689655,0.10344827586206896,-1.0,-0.008620689655172414,-0.35344827586206895,-0.07758620689655173,-0.2672413793103448,0.8691101297354971,0.8534693380511715,0.2362402971318279
4,-0.08620689655172414,-0.5517241379310345,0.12931034482758622,-0.9655172413793104,0.008620689655172414,-1.0,-0.04310344827586207,-0.4051724137931034,-0.07758620689655173,-0.2672413793103448,0.8687360912783675,0.8531735925809925,0.23372012456051208
4,-0.14782608695652175,-0.5478260869565217,0.0,-0.9826086956521739,-0.12173913043478261,-1.0,-0.06086956521739131,-0.3565217391304348,-0.10434782608695652,-0.2608695652173913,0.865753831246616,0.8538765011872405,0.23183828891362215
4,0.017391304347826087,-0.5826086956521739,0.3652173913043478,-0.9391304347826087,0.24347826086956523,-1.0,0.05217391304347826,-0.3652173913043478,-0.05217391304347826,-0.28695652173913044,0.8519888237249432,0.8119680014620221,0.2328165368332088
4,0.09090909090909091,-0.5818181818181818,0.4727272727272727,-0.9272727272727272,0.36363636363636365,-1.0,0.12727272727272726,-0.39090909090909093,0.0,-0.3090909090909091,0.865250316200432,0.8389580691391133,0.22032118275507487
4,0.018691588785046728,-0.5607476635514018,0.2803738317757009,-0.9345794392523364,0.16822429906542055,-1.0,0.028037383177570093,-0.35514018691588783,-0.056074766355140186,-0.2897196261682243,0.8392160652274798,0.8533537971450764,0.23878075331487442
4,-0.11538461538461539,-0.5576923076923077,0.04807692307692308,-0.9615384615384616,-0.07692307692307693,-1.0,-0.038461538461538464,-0.34615384615384615,-0.10576923076923077,-0.27884615384615385,0.8370678549894598,0.8530211317397356,0.251276604045451
4,-0.2222222222222222,-0.5656565656565656,-0.1717171717171717,-1.0,-0.2828282828282828,-1.0,-0.09090909090909091,-0.36363636363636365,-0.13131313131313133,-0.2727272727272727,0.8015240881603424,0.8038730381730331,0.20366878406623043
4,0.11458333333333333,-0.5833333333333334,0.4791666666666667,-0.9270833333333334,0.375,-1.0,0.125,-0.40625,0.010416666666666666,-0.3333333333333333,0.8376379623520636,0.8213715991075521,0.21255327873450539
4,-0.05952380952380952,-0.5714285714285714,0.20238095238095238,-0.9523809523809523,0.08333333333333333,-1.0,0.011904761904761904,-0.35714285714285715,-0.08333333333333333,-0.30952380952380953,0.8771475104576429,0.8571428571428572,0.24327694808466288
4,-0.25316455696202533,-0.5569620253164557,-0.20253164556962025,-1.0,-0.31645569620253167,-1.0,-0.11392405063291139,-0.34177215189873417,-0.16455696202531644,-0.26582278481012656,0.8183671368293095,0.821329263638663,0.2090762970861068
4,0.036585365853658534,-0.573170731707317,0.34146341463414637,-0.9634146341463414,0.21951219512195122,-1.0,0.04878048780487805,-0.43902439024390244,-0.036585365853658534,-0.2926829268292683,0.8472856093358065,0.794517566087164,0.2178375537547643
4,-0.16842105263157894,-0.5157894736842106,-0.08421052631578947,-1.0,-0.22105263157894736,-0.9894736842105263,-0.12631578947368421,-0.4,-0.14736842105263157,-0.25263157894736843,0.8337583949949109,0.8085165301908408,0.23282865732866603
4,-0.12790697674418605,-0.5116279069767442,0.023255813953488372,-1.0,-0.10465116279069768,-1.0,-0.08139534883720931,-0.43023255813953487,-0.13953488372093023,-0.27906976744186046,0.8579630138474712,0.8205286873307193,0.21465713286901528
4,-0.011494252873563218,-0.5402298850574713,0.3448275862068966,-0.9425287356321839,0.20689655172413793,-1.0,0.022988505747126436,-0.47126436781609193,-0.05747126436781609,-0.3333333333333333,0.9091012200824437,0.8610452170382803,0.25277290180432405
4,0.0125,-0.55,0.2625,-0.9625,0.125,-1.0,0.0375,-0.4375,-0.05,-0.2875,0.8300800293704508,0.7982512121420527,0.24526992185616633
4,-0.056818181818181816,-0.5454545454545454,0.17045454545454544,-1.0,0.045454545454545456,-1.0,0.0,-0.4090909090909091,-0.06818181818181818,-0.29545454545454547,0.8229686173073717,0.7544876463758001,0.20242351488131224
4,-0.25274725274725274,-0.4945054945054945,-0.2087912087912088,-1.0,-0.32967032967032966,-0.967032967032967,-0.14285714285714285,-0.32967032967032966,-0.17582417582417584,-0.23076923076923078,0.8479714908186163,0.8000843125891576,0.20939163464915575
4,0.0,-0.5529411764705883,0.32941176470588235,-1.0,0.18823529411764706,-1.0,0.03529411764705882,-0.4588235294117647,-0.047058823529411764,-0.3176470588235294,0.8472210485786099,0.7400543306887232,0.21538744758532144
4,-0.06,-0.55,0.16,-0.99,0.03,-1.0,-0.01,-0.36,-0.08,-0.26,0.8689477560867008,0.8106159904241695,0.23030875294887818
4,-0.05263157894736842,-0.5473684210526316,0.16842105263157894,-0.9789473684210527,0.031578947368421054,-1.0,0.0,-0.3894736842105263,-0.08421052631578947,-0.2736842105263158,0.8403311287760418,0.7978757154080683,0.23993898281481824
4,-0.16346153846153846,-0.5288461538461539,-0.038461538461538464,-0.9903846153846154,-0.16346153846153846,-1.0,-0.0673076923076923,-0.36538461538461536,-0.11538461538461539,-0.25961538461538464,0.8417814375113541,0.8294369271052774,0.22070478408769872
4,0.009433962264150943,-0.5377358490566038,0.20754716981132076,-1.0,0.07547169811320754,-1.0,0.009433962264150943,-0.4339622641509434,-0.05660377358490566,-0.27358490566037735,0.8382098766303063,0.7782583325210484,0.22012469777622728
4,-0.14444444444444443,-0.5222222222222223,0.0,-0.9888888888888889,-0.12222222222222222,-1.0,-0.08888888888888889,-0.4,-0.14444444444444443,-0.26666666666666666,0.8516620986085849,0.8338522461925135,0.2139593691154238
4,0.0,-0.48951048951048953,0.15384615384615385,-0.958041958041958,0.04195804195804196,-1.0,0.02097902097902098,-0.46153846153846156,0.013986013986013986,-0.27972027972027974,0.8881098445325278,0.9224489008196145,0.2152032770107411
4,0.1111111111111111,-0.48366013071895425,0.32679738562091504,-0.9215686274509803,0.2222222222222222,-1.0,0.10457516339869281,-0.47058823529411764,0.08496732026143791,-0.2549019607843137,0.878658934110016,0.9506872400393847,0.23529411764705882
4,0.0,-0.49635036496350365,0.19708029197080293,-0.9562043795620438,0.08029197080291971,-1.0,0.0364963503649635,-0.46715328467153283,0.0,-0.30656934306569344,0.8993025357371497,0.9167442597978277,0.22420264792569025
4,-0.015267175572519083,-0.45038167938931295,0.13740458015267176,-0.9694656488549618,0.022900763358778626,-1.0,0.015267175572519083,-0.4580152671755725,-0.015267175572519083,-0.2900763358778626,0.9736141578170927,0.9913779242444554,0.2132409391116245
4,-0.07142857142857142,-0.5102040816326531,0.030612244897959183,-0.9897959183673469,-0.08163265306122448,-1.0,-0.030612244897959183,-0.45918367346938777,-0.04081632653061224,-0.29591836734693877,0.8622063971097635,0.8614592510447375,0.19818883721439529
4,-0.010416666666666666,-0.53125,0.14583333333333334,-0.9791666666666666,0.020833333333333332,-1.0,0.0,-0.5,-0.041666666666666664,-0.34375,0.8456786705321966,0.8374839164693418,0.2259081290228855
5,0.14864864864864866,0.75,0.25675675675675674,1.0,0.12162162162162163,0.5135135135135135,-0.013513513513513514,0.4594594594594595,-0.10810810810810811,0.4391891891891892,0.743705146635912,0.6499201396194101,1.3786270930438764
5,0.16535433070866143,0.7952755905511811,0.28346456692913385,1.0,0.14173228346456693,0.5196850393700787,-0.007874015748031496,0.47244094488188976,-0.12598425196850394,0.44881889763779526,0.6505408379720848,0.7613244004030943,1.3783878371457567
5,0.17796610169491525,0.7796610169491526,0.2711864406779661,1.0,0.11864406779661017,0.5084745762711864,-0.00847457627118644,0.4745762711864407,-0.13559322033898305,0.4745762711864407,0.7071067811865475,0.8204567690696265,1.5210773438825431
5,0.18269230769230768,0.7788461538461539,0.25961538461538464,1.0,0.125,0.5288461538461539,-0.019230769230769232,0.49038461538461536,-0.125,0.4807692307692308,0.6395041182364499,0.7007385266692711,1.3382953645435003
5,0.19327731092436976,0.7899159663865546,0.4369747899159664,1.0,0.14285714285714285,0.5378151260504201,0.0,0.46218487394957986,-0.13445378151260504,0.42016806722689076,0.71682987895265,0.572778936221628,1.2205162870728783
5,0.19166666666666668,0.775,0.275,1.0,0.125,0.49166666666666664,-0.016666666666666666,0.4583333333333333,-0.13333333333333333,0.4666666666666667,0.6997594726412016,0.8488900365491352,1.5457198492395496
5,0.22093023255813954,0.872093023255814,0.3488372093023256,1.0,0.1511627906976744,0.46511627906976744,0.0,0.4883720930232558,-0.13953488372093023,0.5116279069767442,0.6459422414661738,1.474495822657522,2.036308356840371
5,0.35714285714285715,0.7285714285714285,0.4928571428571429,1.0,0.22142857142857142,0.5,0.04285714285714286,0.5,-0.10714285714285714,0.5,0.6811830024129709,0.5966918225561655,1.2770467215606651
5,0.2694610778443114,0.5988023952095808,0.38323353293413176,1.0,0.20359281437125748,0.5568862275449101,0.0718562874251497,0.49700598802395207,-0.04790419161676647,0.46107784431137727,0.7846761391760008,0.1469075235991482,0.8996917362416534
5,0.23563218390804597,0.6379310344827587,0.367816091954023,1.0,0.15517241379310345,0.5574712643678161,0.022988505747126436,0.4885057471264368,-0.08045977011494253,0.4482758620689655,0.6771349368714528,0.19989803720978902,0.8625165276378893
5,0.4838709677419355,0.6064516129032258,0.3161290322580645,1.0,0.17419354838709677,0.5806451612903226,0.06451612903225806,0.5225806451612903,-0.05161290322580645,0.4838709677419355,0.832786360976446,0.6049219779187108,0.8618262466966693
5,0.09302325581395349,0.751937984496124,0.21705426356589147,1.0,0.09302325581395349,0.5348837209302325,-0.031007751937984496,0.5038759689922481,-0.14728682170542637,0.5193798449612403,0.6828633596421119,0.534425112026277,1.1852155430234654
5,0.184,0.784,0.28,1.0,0.136,0.536,-0.016,0.488,-0.136,0.472,0.6231734876657843,0.665961964438129,1.2808471395985523
5,0.13186813186813187,0.7252747252747253,0.1978021978021978,1.0,0.07692307692307693,0.5054945054945055,-0.054945054945054944,0.4945054945054945,-0.17582417582417584,0.4945054945054945,0.9129860380502285,0.732078868951768,1.6450468281586408
5,0.24509803921568626,0.7352941176470589,0.28431372549019607,1.0,0.19607843137254902,0.5294117647058824,0.029411764705882353,0.49019607843137253,-0.10784313725490197,0.47058823529411764,0.7250921631245921,0.5734664739578984,1.2973563043285707
5,0.2540983606557377,0.7377049180327869,0.3442622950819672,1.0,0.1885245901639344,0.5327868852459017,0.040983606557377046,0.4918032786885246,-0.06557377049180328,0.45901639344262296,0.6152336114795866,0.4772510817602432,1.092423191694531
5,0.27450980392156865,0.7352941176470589,0.3431372549019608,1.0,0.20588235294117646,0.5,0.049019607843137254,0.4803921568627451,-0.08823529411764706,0.4803921568627451,0.7441348364404602,0.6669631606402602,1.4109384575384052
5,0.264,0.776,0.376,1.0,0.208,0.56,0.08,0.488,-0.04,0.448,0.526896950646487,0.4694641632399349,0.990893378918877
5,0.23157894736842105,0.7263157894736842,0.2631578947368421,1.0,0.21052631578947367,0.5578947368421052,0.07368421052631578,0.5157894736842106,-0.031578947368421054,0.5052631578947369,0.7429496714739644,0.45772094218924925,1.2006578911057961
5,0.3790322580645161,0.6854838709677419,0.5806451612903226,1.0,0.27419354838709675,0.5564516129032258,0.12903225806451613,0.5161290322580645,0.0,0.5,0.6963204564271118,0.3098765843278352,1.0048459178262477
5,0.3475177304964539,0.6950354609929078,0.3546099290780142,1.0,0.23404255319148937,0.5815602836879432,0.10638297872340426,0.524822695035461,-0.014184397163120567,0.48936170212765956,0.5555555555555556,0.2922648663206352,0.793071431605604
5,0.22627737226277372,0.6423357664233577,0.35766423357664234,1.0,0.16058394160583941,0.5474452554744526,0.029197080291970802,0.48175182481751827,-0.08759124087591241,0.44525547445255476,0.7941291175314443,0.24053477410032154,1.0287467294586674
5,0.039603960396039604,0.7227722772277227,-0.009900990099009901,1.0,0.009900990099009901,0.5643564356435643,-0.0891089108910891,0.5148514851485149,-0.1782178217821782,0.46534653465346537,0.9132472932107168,0.5226814290642626,1.414213562373095
5,0.07377049180327869,0.6475409836065574,0.11475409836065574,1.0,0.06557377049180328,0.5327868852459017,-0.040983606557377046,0.47540983606557374,-0.13934426229508196,0.4344262295081967,0.9136431881639552,0.2962272046805847,1.209649399776075
5,0.29411764705882354,0.625,0.3897058823529412,1.0,0.25,0.5955882352941176,0.125,0.5441176470588235,0.0,0.49264705882352944,0.7744848383495064,0.10611449400541435,0.8562814042253716
5,0.1134020618556701,0.7422680412371134,0.020618556701030927,1.0,-0.010309278350515464,0.5773195876288659,-0.13402061855670103,0.5360824742268041,-0.2268041237113402,0.4948453608247423,0.9206188221007882,0.6929589286752371,1.424363550716545
5,0.29357798165137616,0.7981651376146789,0.1834862385321101,1.0,0.10091743119266056,0.5321100917431193,-0.01834862385321101,0.5045871559633027,-0.12844036697247707,0.48623853211009177,0.6669026966498688,0.9528546643279052,1.3781993425343229
5,0.16666666666666666,0.7698412698412699,0.30158730158730157,1.0,0.12698412698412698,0.5158730158730159,-0.023809523809523808,0.4603174603174603,-0.14285714285714285,0.4126984126984127,0.6111904114171495,0.5888776269346053,1.1790176608635254
5,0.15337423312883436,0.7055214723926381,0.1901840490797546,1.0,0.09815950920245399,0.5644171779141104,-0.006134969325153374,0.50920245398773,-0.11042944785276074,0.4723926380368098,0.7913095002466646,0.4040204691227453,1.1870769671691086
5,0.13178294573643412,0.7131782945736435,0.18604651162790697,1.0,0.11627906976744186,0.5736434108527132,0.007751937984496124,0.5193798449612403,-0.08527131782945736,0.4883720930232558,0.8673261450629829,0.41713943117354396,1.2836453396831173
6,0.16666666666666666,0.6494252873563219,0.2413793103448276,0.9655172413793104,0.11494252873563218,1.0,0.08045977011494253,0.5114942528735632,-0.08045977011494253,0.5229885057471264,0.7433674432670175,0.8110397444811368,0.2999423243289873
6,0.2585034013605442,0.7074829931972789,0.23129251700680273,0.9659863945578231,0.12244897959183673,1.0,0.07482993197278912,0.8299319727891157,0.006802721088435374,0.5782312925170068,0.6613528991996694,0.8208268639385601,0.290141594737818
6,0.21830985915492956,0.5845070422535211,0.38028169014084506,0.9436619718309859,0.24647887323943662,1.0,0.08450704225352113,0.47183098591549294,-0.035211267605633804,0.44366197183098594,0.8251538244607417,0.8721889180734261,0.3040585451337086
6,0.2789115646258503,0.6666666666666666,0.3469387755102041,1.0,0.23809523809523808,0.9863945578231292,0.16326530612244897,0.7414965986394558,0.027210884353741496,0.6054421768707483,0.7060489237430762,0.6689383924191391,0.22764841111485357
6,0.14743589743589744,0.6025641025641025,0.24358974358974358,0.9551282051282052,0.10897435897435898,1.0,0.03205128205128205,0.46153846153846156,-0.08974358974358974,0.42948717948717946,0.7485618395204279,0.817903122161408,0.2906591794880899
6,0.1437908496732026,0.6078431372549019,0.2222222222222222,0.9607843137254902,0.08496732026143791,1.0,0.013071895424836602,0.477124183006536,-0.10457516339869281,0.42483660130718953,0.7465768876548,0.8188356387448512,0.29476303347204064
6,0.1619718309859155,0.6056338028169014,0.2676056338028169,0.9507042253521126,0.1267605633802817,1.0,0.014084507042253521,0.45774647887323944,-0.1267605633802817,0.43661971830985913,0.875622823176254,0.9606871020416569,0.36207028393800683
6,0.12582781456953643,0.6754966887417219,0.12582781456953643,0.9867549668874173,0.033112582781456956,1.0,0.033112582781456956,0.7284768211920529,-0.08609271523178808,0.6556291390728477,0.7692524054737059,0.8340786023636951,0.23146535844873237
6,0.18235294117647058,0.6529411764705882,0.29411764705882354,0.9470588235294117,0.1588235294117647,1.0,0.06470588235294118,0.43529411764705883,-0.07058823529411765,0.4,0.6079395464883596,0.6721238128815238,0.28071549383128275
6,0.14457831325301204,0.572289156626506,0.2469879518072289,0.9216867469879518,0.1746987951807229,1.0,0.03614457831325301,0.5060240963855421,-0.05421686746987952,0.463855421686747,0.771016891111453,0.9079703131180346,0.22568943284442972
6,0.16546762589928057,0.6474820143884892,0.14388489208633093,0.9496402877697842,0.03597122302158273,1.0,0.007194244604316547,0.5251798561151079,-0.07913669064748201,0.4676258992805755,0.7028580748564511,0.8713578019724351,0.2763048780292091
6,0.09923664122137404,0.6946564885496184,0.030534351145038167,0.9618320610687023,-0.06870229007633588,1.0,-0.04580152671755725,0.549618320610687,-0.13740458015267176,0.48091603053435117,0.7502873012938168,0.9477741619547166,0.28917242201699045
6,0.04201680672268908,0.7058823529411765,0.0,0.9495798319327731,-0.1092436974789916,1.0,-0.058823529411764705,0.4957983193277311,-0.15126050420168066,0.453781512605042,0.8171258654765742,1.092837831441077,0.39756390019934107
6,0.1484375,0.6640625,0.140625,0.9296875,0.0390625,1.0,0.015625,0.5,-0.0859375,0.4609375,0.7442133554498137,0.9894125987522346,0.34594000260119206
6,0.07368421052631578,0.6526315789473685,0.14736842105263157,0.9473684210526315,0.042105263157894736,1.0,-0.021052631578947368,0.47368421052631576,-0.11578947368421053,0.45263157894736844,0.8860634222858499,1.0172869612580866,0.3432395425943477
6,0.10309278350515463,0.6288659793814433,0.16494845360824742,0.9587628865979382,0.05154639175257732,1.0,0.020618556701030927,0.4639175257731959,-0.10309278350515463,0.44329896907216493,0.9186669933038779,1.0255494100026035,0.33026721472319825
6,0.11711711711711711,0.7297297297297297,0.018018018018018018,0.963963963963964,-0.0990990990990991,1.0,-0.09009009009009009,0.8288288288288288,-0.16216216216216217,0.4954954954954955,0.6853118469988728,0.9326147021548123,0.3301755751568715
6,0.06086956521739131,0.6173913043478261,0.10434782608695652,0.9478260869565217,-0.043478260869565216,1.0,-0.02608695652173913,0.45217391304347826,-0.13043478260869565,0.4434782608695652,0.8896555900827675,1.0586263057247414,0.4184587896324914
6,0.2647058823529412,0.6470588235294118,0.41911764705882354,0.9411764705882353,0.29411764705882354,1.0,0.13970588235294118,0.47058823529411764,0.0,0.4338235294117647,0.7454371594382627,0.7947554747429012,0.31001084617826236
6,0.21739130434782608,0.7028985507246377,0.32608695652173914,0.9420289855072463,0.2246376811594203,1.0,0.13043478260869565,0.644927536231884,-0.036231884057971016,0.6376811594202898,0.5987709102831936,0.677448064389758,0.26634814993040706
6,0.20261437908496732,0.6078431372549019,0.19607843137254902,0.954248366013072,0.10457516339869281,1.0,0.058823529411764705,0.5555555555555556,-0.0457516339869281,0.49673202614379086,0.8137021665413696,0.9493536667348392,0.24026767981604338
6,0.37037037037037035,0.6148148148148148,0.5333333333333333,0.9037037037037037,0.4074074074074074,1.0,0.17777777777777778,0.4740740740740741,0.014814814814814815,0.4962962962962963,0.7913097642741448,0.9231900265434558,0.37820047957172437
6,-0.039473684210526314,0.6447368421052632,-0.10526315789473684,0.9736842105263158,-0.2236842105263158,1.0,-0.1118421052631579,0.5328947368421053,-0.19736842105263158,0.4605263157894737,0.7840934598599988,0.9353669475423756,0.2835441006876355
6,0.18110236220472442,0.7716535433070866,0.015748031496062992,0.9921259842519685,-0.07874015748031496,1.0,-0.13385826771653545,0.8740157480314961,-0.14173228346456693,0.6614173228346457,0.6829999682195941,0.8572969795792674,0.23498310613223927
6,-0.06428571428571428,0.6214285714285714,-0.09285714285714286,0.9785714285714285,-0.2,1.0,-0.12857142857142856,0.5785714285714286,-0.24285714285714285,0.4857142857142857,0.7960861439659715,0.8935819296446216,0.24277987044066046
6,0.05263157894736842,0.7218045112781954,-0.007518796992481203,0.9548872180451128,-0.11278195488721804,1.0,-0.08270676691729323,0.518796992481203,-0.17293233082706766,0.45112781954887216,0.6398007876857629,0.8602418116093257,0.3043875115514735
6,0.1875,0.6180555555555556,0.2847222222222222,0.9305555555555556,0.14583333333333334,1.0,0.04861111111111111,0.4375,-0.08333333333333333,0.3888888888888889,0.7116877334017865,0.8355007920679549,0.33767600672658715
6,0.3357142857142857,0.5928571428571429,0.5357142857142857,0.9285714285714286,0.40714285714285714,1.0,0.15,0.4714285714285714,0.0,0.45,0.7795612458560323,0.8246211251235321,0.293413310124772
6,0.3565217391304348,0.5826086956521739,0.5130434782608696,0.8869565217391304,0.3826086956521739,1.0,0.11304347826086956,0.40869565217391307,-0.043478260869565216,0.4434782608695652,0.9506492285061175,1.1616690201969813,0.47944931460396556
6,0.4461538461538462,0.5923076923076923,0.6846153846153846,0.9076923076923077,0.5769230769230769,1.0,0.23076923076923078,0.46153846153846156,0.07692307692307693,0.47692307692307695,0.7204560878080808,0.7801566514398597,0.2584523987819601
6,0.28888888888888886,0.5777777777777777,0.4666666666666667,0.8777777777777778,0.35555555555555557,1.0,0.13333333333333333,0.45555555555555555,0.011111111111111112,0.5,1.0796668344321692,1.3234346564680963,0.5114083119567588
6,0.49514563106796117,0.6019417475728155,0.7184466019417476,0.941747572815534,0.6019417475728155,1.0,0.2621359223300971,0.5048543689320388,0.10679611650485436,0.5242718446601942,0.775038664523809,0.7855719493918001,0.24828176658071038
6,0.4608695652173913,0.5739130434782609,0.6434782608695652,0.9130434782608695,0.5565217391304348,1.0,0.28695652173913044,0.5652173913043478,0.14782608695652175,0.5391304347826087,0.7101902420820678,0.8051888280665521,0.2267462937912591
6,0.31654676258992803,0.5539568345323741,0.35251798561151076,0.9568345323741008,0.23741007194244604,1.0,0.1366906474820144,0.5107913669064749,-0.014388489208633094,0.45323741007194246,0.7153001167629666,0.80112012873656,0.2174039716494637
6,0.11764705882352941,0.6176470588235294,0.08823529411764706,0.9558823529411765,-0.014705882352941176,1.0,-0.022058823529411766,0.5220588235294118,-0.125,0.47058823529411764,0.7866815903072233,0.9375260035097127,0.259507180590324
7,0.6901408450704225,0.028169014084507043,1.0,-0.3028169014084507,0.5070422535211268,-0.07746478873239436,0.4084507042253521,-0.02112676056338028,0.34507042253521125,0.04225352112676056,0.7493844287705267,0.34938543214104656,0.895880166953243
7,0.7246376811594203,-0.08695652173913043,1.0,-0.463768115942029,0.5289855072463768,-0.16666666666666666,0.45652173913043476,-0.10144927536231885,0.38405797101449274,-0.014492753623188406,0.7169840857399572,0.3245634455154005,0.8555331922281506
7,0.7615384615384615,-0.16153846153846155,1.0,-0.5692307692307692,0.5307692307692308,-0.2230769230769231,0.47692307692307695,-0.14615384615384616,0.4153846153846154,-0.05384615384615385,0.7071067811865475,0.357563223620581,0.8729656153121045
7,0.7058823529411765,0.0457516339869281,1.0,-0.20915032679738563,0.5098039215686274,-0.0392156862745098,0.41830065359477125,0.0196078431372549,0.3464052287581699,0.06535947712418301,0.6584043837326248,0.36150324559679564,0.8776636021466352
7,0.691358024691358,0.05555555555555555,1.0,-0.13580246913580246,0.5123456790123457,-0.006172839506172839,0.4074074074074074,0.04938271604938271,0.3333333333333333,0.09876543209876543,0.6340513706843824,0.3306118819969994,0.8810019744776793
7,0.6308724832214765,0.006711409395973154,1.0,-0.2483221476510067,0.46308724832214765,-0.053691275167785234,0.35570469798657717,-0.020134228187919462,0.2550335570469799,0.026845637583892617,0.7150305822512162,0.2841985059007285,0.9101620297999947
7,0.6527777777777778,-0.08333333333333333,1.0,-0.3888888888888889,0.4861111111111111,-0.1111111111111111,0.3888888888888889,-0.08333333333333333,0.2777777777777778,-0.041666666666666664,0.7083854563379539,0.258782390807132,0.8946801041086041
7,0.6814814814814815,-0.17037037037037037,1.0,-0.5407407407407407,0.4962962962962963,-0.2,0.4,-0.16296296296296298,0.2962962962962963,-0.1259259259259259,0.7117452116873918,0.27324917853523467,0.8860532002838519
7,0.6274509803921569,0.09803921568627451,1.0,-0.13725490196078433,0.47058823529411764,0.0,0.35947712418300654,0.026143790849673203,0.2549019607843137,0.06535947712418301,0.7212086445014642,0.302768185324026,0.8951689979579345
7,0.6193548387096774,0.15483870967741936,1.0,-0.08387096774193549,0.45806451612903226,0.0064516129032258064,0.3419354838709677,0.03225806451612903,0.23225806451612904,0.07096774193548387,0.7669649888473705,0.37411711309655976,0.9378503994456946
7,0.6666666666666666,-0.13131313131313133,1.0,-0.48484848484848486,0.46464646464646464,-0.1919191919191919,0.35353535353535354,-0.13131313131313133,0.2828282828282828,-0.04040404040404041,0.7151092332431551,0.31040874852397604,0.8981257341008237
7,0.693069306930693,-0.2079207920792079,1.0,-0.594059405940594,0.49504950495049505,-0.2079207920792079,0.39603960396039606,-0.12871287128712872,0.31683168316831684,-0.06930693069306931,0.7087506360322352,0.2845263998508799,0.9133696295288778
7,0.7127659574468085,-0.2978723404255319,1.0,-0.7340425531914894,0.5,-0.30851063829787234,0.4148936170212766,-0.22340425531914893,0.35106382978723405,-0.13829787234042554,0.7079886440707306,0.288795190800708,0.8900681422435804
7,0.6814159292035398,0.10619469026548672,1.0,-0.18584070796460178,0.4778761061946903,-0.05309734513274336,0.36283185840707965,0.017699115044247787,0.2743362831858407,0.08849557522123894,0.7421646138746846,0.4438442187650728,0.9251427703314422
7,0.6213592233009708,-0.27184466019417475,1.0,-0.5145631067961165,0.42718446601941745,-0.23300970873786409,0.32038834951456313,-0.21359223300970873,0.21359223300970873,-0.21359223300970873,0.6417945091215564,0.2825711399564301,0.9108010437339181
7,0.6436781609195402,-0.4827586206896552,1.0,-0.8390804597701149,0.42528735632183906,-0.367816091954023,0.2988505747126437,-0.3448275862068966,0.1839080459770115,-0.3448275862068966,0.621930983727961,0.30459022682766657,0.9172877324270611
7,0.6428571428571429,-0.3469387755102041,1.0,-0.6428571428571429,0.4489795918367347,-0.2755102040816326,0.336734693877551,-0.25510204081632654,0.21428571428571427,-0.23469387755102042,0.6312345742694502,0.28120144496762534,0.9013008920304737
7,0.6446280991735537,-0.1322314049586777,1.0,-0.33884297520661155,0.4793388429752066,-0.15702479338842976,0.38016528925619836,-0.1322314049586777,0.2727272727272727,-0.09917355371900827,0.626457690972567,0.25471443151962453,0.8404623153677382
7,0.6271186440677966,-0.06779661016949153,1.0,-0.2542372881355932,0.4576271186440678,-0.11864406779661017,0.3474576271186441,-0.09322033898305085,0.2288135593220339,-0.03389830508474576,0.645441661878076,0.27396340570852273,0.8655531776398436
7,0.6419753086419753,-0.3333333333333333,1.0,-0.6419753086419753,0.4691358024691358,-0.3333333333333333,0.35802469135802467,-0.2839506172839506,0.24691358024691357,-0.2345679012345679,0.6324555320336759,0.23125495459461323,0.8216045924969051
7,0.6805555555555556,-0.4861111111111111,1.0,-0.8472222222222222,0.4722222222222222,-0.4166666666666667,0.3472222222222222,-0.3611111111111111,0.2638888888888889,-0.3333333333333333,0.5791957406726702,0.26381643074570454,0.8182563350467249
7,0.6153846153846154,-0.15384615384615385,1.0,-0.3626373626373626,0.42857142857142855,-0.17582417582417584,0.2967032967032967,-0.13186813186813187,0.2087912087912088,-0.06593406593406594,0.6385233607803326,0.27444732966623203,0.8771594725931524
7,0.7526881720430108,-0.1935483870967742,1.0,-0.4838709677419355,0.5483870967741935,-0.25806451612903225,0.4946236559139785,-0.1935483870967742,0.44086021505376344,-0.11827956989247312,0.5647703225572138,0.3172683867152934,0.7477145706133491
7,0.8181818181818182,-0.42857142857142855,1.0,-0.7402597402597403,0.5974025974025974,-0.36363636363636365,0.5454545454545454,-0.3246753246753247,0.4935064935064935,-0.2727272727272727,0.456719029994177,0.29127638869683026,0.6977789289356455
7,0.7076923076923077,-0.5076923076923077,1.0,-0.8769230769230769,0.49230769230769234,-0.47692307692307695,0.4,-0.38461538461538464,0.3230769230769231,-0.3230769230769231,0.5684218928541213,0.26261286571944514,0.7801414549010791
7,0.6935483870967742,-0.6129032258064516,0.9193548387096774,-1.0,0.4838709677419355,-0.5161290322580645,0.3870967741935484,-0.45161290322580644,0.3225806451612903,-0.4032258064516129,0.5253665489215864,0.27072645553952673,0.7631577325199824
7,0.6702127659574468,-0.1702127659574468,1.0,-0.4574468085106383,0.46808510638297873,-0.22340425531914893,0.35106382978723405,-0.1595744680851064,0.26595744680851063,-0.07446808510638298,0.6247401307318765,0.2985724309707726,0.8301478763062619
7,0.6893203883495146,-0.038834951456310676,1.0,-0.3106796116504854,0.46601941747572817,-0.1553398058252427,0.3592233009708738,-0.06796116504854369,0.2621359223300971,0.0,0.6534671889458677,0.3986870279363073,0.8802938917501482
7,0.7128712871287128,-0.16831683168316833,1.0,-0.5247524752475248,0.504950495049505,-0.2079207920792079,0.43564356435643564,-0.15841584158415842,0.3465346534653465,-0.09900990099009901,0.6804079212806249,0.3146481625633718,0.8737456966766732
7,0.7310924369747899,-0.14285714285714285,1.0,-0.5294117647058824,0.5210084033613446,-0.19327731092436976,0.4369747899159664,-0.12605042016806722,0.3865546218487395,-0.058823529411764705,0.6979966900808685,0.3202500962173633,0.8673904399575275
7,0.71875,-0.2916666666666667,1.0,-0.6770833333333334,0.4895833333333333,-0.2916666666666667,0.40625,-0.23958333333333334,0.3125,-0.17708333333333334,0.652347920461642,0.3133280105427368,0.8744746321952063
8,-0.7450980392156863,-0.22549019607843138,-1.0,-0.6078431372549019,-0.46078431372549017,-0.27450980392156865,-0.4803921568627451,-0.27450980392156865,-0.49019607843137253,-0.22549019607843138,0.75443421479673,0.4736584545917212,1.0407500284706497
8,-0.7752808988764045,-0.34831460674157305,-1.0,-0.8426966292134831,-0.449438202247191,-0.3595505617977528,-0.4943820224719101,-0.3595505617977528,-0.5168539325842697,-0.33707865168539325,0.7983612137109248,0.4793128323639568,1.0768556115773085
8,-0.8170731707317073,-0.4268292682926829,-1.0,-1.0,-0.45121951219512196,-0.45121951219512196,-0.524390243902439,-0.43902439024390244,-0.5487804878048781,-0.3902439024390244,0.804147062012448,0.49007145589289086,1.037296002504542
8,-0.6363636363636364,-0.06818181818181818,-1.0,-0.32954545454545453,-0.4431818181818182,-0.20454545454545456,-0.4318181818181818,-0.125,-0.4318181818181818,-0.06818181818181818,0.7713748486229782,0.407308707421978,0.9829972151050147
8,-0.6304347826086957,-0.05434782608695652,-1.0,-0.20652173913043478,-0.41304347826086957,-0.20652173913043478,-0.41304347826086957,-0.11956521739130435,-0.41304347826086957,-0.043478260869565216,0.675267731551622,0.44834340006794526,0.9917025066621882
8,-0.6236559139784946,-0.03225806451612903,-1.0,-0.20430107526881722,-0.5161290322580645,-0.20430107526881722,-0.3978494623655914,-0.11827956989247312,-0.3978494623655914,-0.03225806451612903,0.7158608436035905,0.3509749150629717,0.8370734982798651
8,-0.6862745098039216,0.0,-1.0,-0.2549019607843137,-0.4803921568627451,-0.11764705882352941,-0.47058823529411764,-0.09803921568627451,-0.47058823529411764,-0.058823529411764705,0.7035975447302919,0.4127411668602972,0.9354532598680636
8,-0.6534653465346535,0.06930693069306931,-1.0,-0.13861386138613863,-0.45544554455445546,-0.07920792079207921,-0.44554455445544555,-0.04950495049504951,-0.42574257425742573,-0.009900990099009901,0.7506056623363674,0.45974217532372413,1.0174334283859359
8,-0.7317073170731707,-0.21951219512195122,-1.0,-0.6707317073170732,-0.5121951219512195,-0.2926829268292683,-0.5365853658536586,-0.24390243902439024,-0.5975609756097561,-0.2073170731707317,0.829968423280743,0.36582645650981543,0.9757277333690108
8,-0.6829268292682927,-0.12195121951219512,-1.0,-0.43902439024390244,-0.4024390243902439,-0.2073170731707317,-0.4146341463414634,-0.14634146341463414,-0.4146341463414634,-0.07317073170731707,0.7323217332455296,0.47882574866053856,1.0467076885756044
8,-0.7285714285714285,-0.24285714285714285,-1.0,-0.7142857142857143,-0.42857142857142855,-0.3,-0.45714285714285713,-0.24285714285714285,-0.4857142857142857,-0.17142857142857143,0.8123982377364486,0.4560821460956955,1.0540685637547682
8,-0.6823529411764706,-0.11764705882352941,-1.0,-0.24705882352941178,-0.47058823529411764,-0.21176470588235294,-0.4,-0.09411764705882353,-0.36470588235294116,0.0,0.5585038992742908,0.3773397952786287,0.8639571854835307
8,-0.6352941176470588,-0.11764705882352941,-1.0,-0.2,-0.47058823529411764,-0.12941176470588237,-0.38823529411764707,-0.023529411764705882,-0.4235294117647059,0.07058823529411765,0.6218334792829355,0.2746290830033127,0.8882851659167504
8,-0.6764705882352942,-0.17647058823529413,-1.0,-0.6323529411764706,-0.38235294117647056,-0.27941176470588236,-0.4411764705882353,-0.19117647058823528,-0.4852941176470588,-0.08823529411764706,0.7743287817462707,0.43163300840170776,0.98537016234838
8,-0.6888888888888889,-0.044444444444444446,-1.0,-0.3111111111111111,-0.5444444444444444,-0.15555555555555556,-0.5111111111111111,-0.12222222222222222,-0.4777777777777778,-0.06666666666666667,0.6538642901264347,0.2907999352240514,0.7681575469757449
8,-0.7023809523809523,-0.16666666666666666,-1.0,-0.47619047619047616,-0.44047619047619047,-0.20238095238095238,-0.4166666666666667,-0.13095238095238096,-0.38095238095238093,-0.07142857142857142,0.6624091143233289,0.40776609371527095,0.960957925669616
8,-0.6881720430107527,-0.12903225806451613,-1.0,-0.3548387096774194,-0.44086021505376344,-0.16129032258064516,-0.40860215053763443,-0.0967741935483871,-0.3763440860215054,-0.053763440860215055,0.6228138771473564,0.4034645723226711,0.9571768878079466
8,-0.6666666666666666,0.03333333333333333,-1.0,-0.12222222222222222,-0.4666666666666667,-0.05555555555555555,-0.4,-0.022222222222222223,-0.3333333333333333,0.022222222222222223,0.6117100154911935,0.3639621123904501,0.8938162433937927
8,-0.68,-0.04,-1.0,-0.41333333333333333,-0.44,-0.13333333333333333,-0.41333333333333333,-0.08,-0.37333333333333335,-0.02666666666666667,0.8195150628704788,0.42918239812951037,1.043498389499902
8,-0.734375,-0.1875,-1.0,-0.71875,-0.515625,-0.28125,-0.515625,-0.21875,-0.484375,-0.125,0.8915320986640329,0.35722928390058906,0.97971729830521
8,-0.6265060240963856,0.12048192771084337,-1.0,-0.10843373493975904,-0.4457831325301205,0.0,-0.39759036144578314,0.03614457831325301,-0.3373493975903614,0.07228915662650602,0.7648240008082836,0.37921670550558984,0.9859634343145337
8,-0.6702127659574468,0.010638297872340425,-1.0,-0.2765957446808511,-0.4787234042553192,-0.10638297872340426,-0.4574468085106383,-0.07446808510638298,-0.43617021276595747,-0.02127659574468085,0.7411047625628058,0.380291183786041,0.9292488431064575
8,-0.6635514018691588,-0.028037383177570093,-1.0,-0.38317757009345793,-0.4766355140186916,-0.16822429906542055,-0.4766355140186916,-0.1308411214953271,-0.4766355140186916,-0.07476635514018691,0.8304547985373997,0.39662558543466964,0.9604565153329205
8,-0.6695652173913044,-0.034782608695652174,-1.0,-0.4,-0.4434782608695652,-0.16521739130434782,-0.45217391304347826,-0.1391304347826087,-0.45217391304347826,-0.09565217391304348,0.8343743497708662,0.4421871932664818,1.0232751408535679
8,-0.6744186046511628,-0.1511627906976744,-1.0,-0.5232558139534884,-0.3953488372093023,-0.20930232558139536,-0.4069767441860465,-0.1511627906976744,-0.4186046511627907,-0.05813953488372093,0.7901325156359492,0.4555519995668906,1.0887737032072276
8,-0.6438356164383562,-0.0958904109589041,-1.0,-0.4383561643835616,-0.4246575342465753,-0.1506849315068493,-0.4246575342465753,-0.0684931506849315,-0.4383561643835616,0.0,0.8087629667897,0.3698001308168194,1.052899465793327
8,-0.6382978723404256,0.010638297872340425,-1.0,-0.2978723404255319,-0.39361702127659576,-0.10638297872340426,-0.39361702127659576,-0.05319148936170213,-0.3829787234042553,0.010638297872340425,0.8694059854868167,0.49600981651295395,1.1629207011458997
8,-0.673469387755102,0.061224489795918366,-1.0,-0.3877551020408163,-0.5816326530612245,-0.05102040816326531,-0.5306122448979592,-0.02040816326530612,-0.5102040816326531,0.02040816326530612,1.0431851677040116,0.2725155149387883,1.00914932142928
8,-0.6470588235294118,0.12745098039215685,-1.0,-0.19607843137254902,-0.5392156862745098,0.0196078431372549,-0.47058823529411764,0.0392156862745098,-0.4411764705882353,0.0784313725490196,0.8664341955956323,0.2759936408148265,0.9206818236826189
8,-0.6385542168674698,-0.024096385542168676,-1.0,-0.4819277108433735,-0.4939759036144578,-0.14457831325301204,-0.4819277108433735,-0.07228915662650602,-0.4457831325301205,0.0,0.9897088513955579,0.31931812013578853,1.0318780220563095
8,-0.65,0.1,-1.0,-0.15,-0.51,-0.03,-0.48,0.0,-0.44,0.03,0.7454679330265805,0.3311231421931796,0.8743533850764192
9,0.9782608695652174,-0.3695652173913043,1.0,-0.7391304347826086,1.0,-0.7282608695652174,0.30434782608695654,-0.33695652173913043,0.20652173913043478,-0.3695652173913043,0.4778090784504986,0.46380506122290344,0.014028957596690997
9,0.9690721649484536,-0.41237113402061853,0.9896907216494846,-0.7938144329896907,1.0,-0.7731958762886598,0.27835051546391754,-0.38144329896907214,0.21649484536082475,-0.41237113402061853,0.4857898205419494,0.4605435681201256,0.02931555655804627
9,0.967741935483871,-0.6129032258064516,0.9247311827956989,-1.0,0.9354838709677419,-0.978494623655914,0.24731182795698925,-0.46236559139784944,0.1827956989247312,-0.4838709677419355,0.4611310174288953,0.43453061543882804,0.028467047115478598
9,0.9278350515463918,-0.6185567010309279,0.9072164948453608,-1.0,0.9175257731958762,-0.9587628865979382,0.26804123711340205,-0.41237113402061853,0.1958762886597938,-0.4536082474226804,0.45224830208543937,0.40295349353274723,0.05032295521173578
9,0.9369369369369369,-0.42342342342342343,1.0,-0.7297297297297297,0.9819819819819819,-0.6936936936936937,0.35135135135135137,-0.2972972972972973,0.25225225225225223,-0.3063063063063063,0.38798314161331793,0.3399305510141807,0.04998438232040614
9,0.8740157480314961,-0.2440944881889764,1.0,-0.4881889763779528,0.984251968503937,-0.4566929133858268,0.3464566929133858,-0.1968503937007874,0.2992125984251969,-0.2204724409448819,0.39888064061763795,0.3477511188087861,0.05113434147954011
9,0.9134615384615384,-0.2980769230769231,0.9711538461538461,-0.5673076923076923,1.0,-0.5961538461538461,0.36538461538461536,-0.3557692307692308,0.28846153846153844,-0.3557692307692308,0.402959349840356,0.45424292362497665,0.05970223141259935
9,0.9191919191919192,-0.26262626262626265,0.98989898989899,-0.5555555555555556,1.0,-0.5858585858585859,0.35353535353535354,-0.36363636363636365,0.2828282828282828,-0.36363636363636365,0.448830278930404,0.49625122509321706,0.04757591441488915
9,0.9620253164556962,-0.3924050632911392,1.0,-0.759493670886076,0.9620253164556962,-0.7721518987341772,0.2911392405063291,-0.3291139240506329,0.189873417721519,-0.35443037974683544,0.4789131426105757,0.49279755818319776,0.05194542364094178
9,0.92,-0.37,0.99,-0.67,1.0,-0.66,0.3,-0.34,0.24,-0.39,0.41276751295208963,0.4030850510106948,0.018949048189527844
9,0.8983050847457628,-0.3305084745762712,0.9915254237288136,-0.6101694915254238,1.0,-0.6186440677966102,0.3474576271186441,-0.3474576271186441,0.2966101694915254,-0.3474576271186441,0.42317083235033975,0.43862634878600426,0.01720434085873685
9,0.9333333333333333,-0.23333333333333334,0.9833333333333333,-0.5416666666666666,1.0,-0.525,0.31666666666666665,-0.30833333333333335,0.2916666666666667,-0.35833333333333334,0.48182430367993656,0.4615056252830277,0.036357627335029924
9,0.9484536082474226,-0.26804123711340205,1.0,-0.6185567010309279,0.9896907216494846,-0.6185567010309279,0.28865979381443296,-0.28865979381443296,0.21649484536082475,-0.35051546391752575,0.5165581809150073,0.5145861594517698,0.01503122221281509
9,0.9438202247191011,-0.30337078651685395,1.0,-0.651685393258427,0.9550561797752809,-0.6741573033707865,0.2808988764044944,-0.2808988764044944,0.19101123595505617,-0.34831460674157305,0.5101244679644826,0.5363532867848574,0.07265285667112882
9,0.9047619047619048,-0.42857142857142855,1.0,-0.7063492063492064,0.9920634920634921,-0.6746031746031746,0.3412698412698413,-0.2777777777777778,0.2777777777777778,-0.2698412698412698,0.38233832500516124,0.33990671123682364,0.0426059810464328
9,0.9879518072289156,-0.3855421686746988,1.0,-0.7469879518072289,0.963855421686747,-0.7108433734939759,0.30120481927710846,-0.3132530120481928,0.20481927710843373,-0.3373493975903614,0.45967808296945867,0.4146134527448405,0.06497221227363148
9,1.0,-0.375,1.0,-0.75,0.9722222222222222,-0.7361111111111112,0.2777777777777778,-0.3055555555555556,0.1527777777777778,-0.3333333333333333,0.47419531502546886,0.4579815167777577,0.03927159107440281
9,1.0,-0.4090909090909091,1.0,-0.7954545454545454,0.9886363636363636,-0.75,0.29545454545454547,-0.3181818181818182,0.18181818181818182,-0.3522727272727273,0.47811507828125355,0.4221005506120224,0.05797996967511955
9,0.9782608695652174,-0.25,1.0,-0.6847826086956522,0.9782608695652174,-0.6739130434782609,0.2717391304347826,-0.25,0.1956521739130435,-0.29347826086956524,0.5959711206228662,0.5803468618600942,0.03327423163199617
9,0.9714285714285714,-0.41904761904761906,1.0,-0.7619047619047619,0.9904761904761905,-0.7238095238095238,0.3523809523809524,-0.3238095238095238,0.2571428571428571,-0.3523809523809524,0.41632894623479055,0.36951145714454353,0.04751774385294354
9,0.9150943396226415,-0.5094339622641509,0.9905660377358491,-0.8207547169811321,1.0,-0.7641509433962265,0.3490566037735849,-0.3584905660377358,0.2830188679245283,-0.3867924528301887,0.3728037583464292,0.31246986354204864,0.06678308703254825
9,0.92,-0.59,0.99,-0.88,1.0,-0.83,0.35,-0.38,0.28,-0.41,0.33205072033072097,0.28157844768411916,0.05675395053987918
9,0.9361702127659575,-0.48936170212765956,0.9787234042553191,-0.7659574468085106,1.0,-0.7553191489361702,0.3191489361702128,-0.3723404255319149,0.2765957446808511,-0.39361702127659576,0.3501233491360931,0.34219113684665164,0.029761377531286878
9,0.9634146341463414,-0.4878048780487805,1.0,-0.7682926829268293,0.9634146341463414,-0.7804878048780488,0.3048780487804878,-0.3780487804878049,0.2073170731707317,-0.4146341463414634,0.37776390813810834,0.39087740519067377,0.051502620262460476
9,0.9886363636363636,-0.45454545454545453,1.0,-0.7840909090909091,0.9772727272727273,-0.7727272727272727,0.2727272727272727,-0.36363636363636365,0.17045454545454544,-0.42045454545454547,0.41516789466120896,0.4008690661404689,0.0319928344075492
9,0.9801980198019802,-0.3564356435643564,1.0,-0.7425742574257426,0.9801980198019802,-0.7128712871287128,0.297029702970297,-0.31683168316831684,0.2079207920792079,-0.36633663366336633,0.485380269346148,0.44745534193010006,0.044814532744701326
9,0.9203539823008849,-0.4424778761061947,0.9911504424778761,-0.7699115044247787,1.0,-0.7345132743362832,0.36283185840707965,-0.35398230088495575,0.2920353982300885,-0.3805309734513274,0.40770334313986656,0.368395323336069,0.04440640731421109
9,0.9647058823529412,-0.4588235294117647,1.0,-0.788235294117647,0.9647058823529412,-0.7647058823529411,0.32941176470588235,-0.35294117647058826,0.21176470588235294,-0.3764705882352941,0.40009082537677126,0.36939868649492297,0.05122638097101891
9,1.0,-0.4155844155844156,0.987012987012987,-0.7922077922077922,0.987012987012987,-0.7532467532467533,0.2987012987012987,-0.35064935064935066,0.19480519480519481,-0.36363636363636365,0.45692185866335383,0.40971345208479704,0.04723970139144288
9,1.0,-0.5970149253731343,0.9552238805970149,-1.0,0.8955223880597015,-1.0,0.26865671641791045,-0.40298507462686567,0.11940298507462686,-0.43283582089552236,0.4745587224783212,0.48724969709346005,0.0698749919138808
10,0.8823529411764706,-0.9411764705882353,0.8823529411764706,-1.0,0.8235294117647058,-0.9705882352941176,0.25,-0.6176470588235294,0.07352941176470588,-0.6176470588235294,0.055983767060987275,0.06259175439244058,0.06259175439244058
10,0.6075949367088608,-0.9240506329113924,0.5822784810126582,-1.0,0.5189873417721519,-0.9873417721518988,0.08860759493670886,-0.5443037974683544,-0.012658227848101266,-0.5569620253164557,0.09438583563660174,0.12837861598535893,0.07609629346908257
10,0.6410256410256411,-0.9230769230769231,0.6153846153846154,-1.0,0.5641025641025641,-0.9871794871794872,0.11538461538461539,-0.5512820512820513,-0.01282051282051282,-0.5512820512820513,0.09435431941257105,0.11651898912842258,0.061511490605569215
10,1.0,-0.875,1.0,-0.9861111111111112,0.9166666666666666,-0.9444444444444444,0.3194444444444444,-0.5555555555555556,0.1527777777777778,-0.5555555555555556,0.09850304671557042,0.09616667358576274,0.08259731566756982
10,0.9130434782608695,-0.5978260869565217,1.0,-0.6739130434782609,0.9456521739130435,-0.6521739130434783,0.391304347826087,-0.41304347826086957,0.2717391304347826,-0.40217391304347827,0.12205664526736025,0.06695170880417918,0.06183312648291855
10,0.9866666666666667,-0.8266666666666667,1.0,-0.8933333333333333,0.8933333333333333,-0.8933333333333333,0.30666666666666664,-0.5333333333333333,0.12,-0.56,0.06523814616096597,0.11006032661759212,0.10235402470934885
10,0.8823529411764706,-0.8,1.0,-0.8705882352941177,0.9764705882352941,-0.8588235294117647,0.38823529411764707,-0.5294117647058824,0.3176470588235294,-0.5058823529411764,0.1365952128033418,0.11049968200347943,0.026190936466079808
10,0.9207920792079208,-0.4752475247524752,1.0,-0.5544554455445545,0.9405940594059405,-0.5346534653465347,0.44554455445544555,-0.37623762376237624,0.32673267326732675,-0.33663366336633666,0.12868124019555646,0.07193500012656065,0.07193500012656065
10,0.9322033898305084,-0.7966101694915254,1.0,-0.847457627118644,0.9491525423728814,-0.8305084745762712,0.4067796610169492,-0.559322033898305,0.23728813559322035,-0.5254237288135594,0.08196721311475409,0.03665685209016049,0.0518406173798095
10,0.8275862068965517,-0.9310344827586207,0.8448275862068966,-1.0,0.7931034482758621,-0.9827586206896551,0.1896551724137931,-0.5517241379310345,0.08620689655172414,-0.5862068965517241,0.07465768876548,0.0652862549237373,0.057259833431386825
10,0.9333333333333333,-0.8833333333333333,1.0,-0.9666666666666667,0.9166666666666666,-0.9166666666666666,0.3333333333333333,-0.5666666666666667,0.15,-0.5333333333333333,0.09612740400278959,0.03356914560461503,0.0875376219064817
10,0.8771929824561403,-0.9298245614035088,0.8771929824561403,-1.0,0.7543859649122807,-1.0,0.17543859649122806,-0.5614035087719298,-0.017543859649122806,-0.5263157894736842,0.06537204504606134,0.13176156917368245,0.11440107883060735
10,0.9390243902439024,-0.7317073170731707,1.0,-0.8292682926829268,0.9390243902439024,-0.7926829268292683,0.36585365853658536,-0.5,0.24390243902439024,-0.5121951219512195,0.1156347449115932,0.061286292230682514,0.0714714843621082
10,0.9245283018867925,-0.6886792452830188,1.0,-0.7735849056603774,0.9339622641509434,-0.7358490566037735,0.49056603773584906,-0.5094339622641509,0.4056603773584906,-0.46226415094339623,0.1204340122448456,0.05099784538654766,0.08063467359130036
10,0.9230769230769231,-0.6153846153846154,1.0,-0.7032967032967034,0.8901098901098901,-0.6483516483516484,0.38461538461538464,-0.46153846153846156,0.2967032967032967,-0.5054945054945055,0.1338741345505746,0.05343104979018478,0.1408031792590381
10,1.0,-0.847457627118644,0.9830508474576272,-0.9322033898305084,0.9152542372881356,-0.9322033898305084,0.23728813559322035,-0.6101694915254238,0.06779661016949153,-0.6440677966101694,0.08668593234805762,0.12021175920858626,0.06800204009180459
10,0.94,-0.9,0.92,-0.96,0.8,-1.0,0.18,-0.58,-0.02,-0.56,0.06524669105718928,0.1774901888413865,0.13049338211437855
10,0.6527777777777778,-0.9027777777777778,0.6666666666666666,-1.0,0.6111111111111112,-0.9722222222222222,0.1527777777777778,-0.5138888888888888,0.013888888888888888,-0.5138888888888888,0.1054326874288962,0.08694202133241406,0.0666814864215828
10,0.6619718309859155,-0.9295774647887324,0.704225352112676,-1.0,0.647887323943662,-0.971830985915493,0.18309859154929578,-0.5211267605633803,0.04225352112676056,-0.49295774647887325,0.08541742994878618,0.04632410546120795,0.06551217820804184
10,0.5714285714285714,-0.922077922077922,0.6233766233766234,-1.0,0.5454545454545454,-0.948051948051948,0.14285714285714285,-0.4675324675324675,-0.012987012987012988,-0.4155844155844156,0.10217470699172869,0.04007621728818845,0.10217470699172869
10,0.7469879518072289,-0.8554216867469879,0.8072289156626506,-1.0,0.7831325301204819,-0.9036144578313253,0.3373493975903614,-0.5060240963855421,0.2289156626506024,-0.39759036144578314,0.15294117647058825,0.058823529411764705,0.09701425001453319
10,0.85,-0.6375,1.0,-0.7,0.9625,-0.7125,0.4,-0.45,0.3,-0.425,0.17572381698984968,0.1462110536485738,0.04274519237127065
10,0.9279279279279279,-0.6216216216216216,1.0,-0.7117117117117117,0.9459459459459459,-0.6846846846846847,0.44144144144144143,-0.46846846846846846,0.34234234234234234,-0.46846846846846846,0.1254189220341979,0.07129828352121226,0.0656972811085849
10,0.9247311827956989,-0.7634408602150538,1.0,-0.8387096774193549,0.9247311827956989,-0.8064516129032258,0.3655913978494624,-0.5053763440860215,0.26881720430107525,-0.5376344086021505,0.1088645650799745,0.04398792697084239,0.0837505178018118
10,0.9574468085106383,-0.9361702127659575,0.9787234042553191,-1.0,0.8723404255319149,-1.0,0.2127659574468085,-0.5531914893617021,0.0425531914893617,-0.5531914893617021,0.06391374907061421,0.10105651043180541,0.10105651043180541
10,0.9242424242424242,-0.7878787878787878,1.0,-0.8636363636363636,0.9545454545454546,-0.8636363636363636,0.3181818181818182,-0.5151515151515151,0.19696969696969696,-0.5151515151515151,0.10327404809650345,0.07865117180270467,0.04381546783777395
10,0.92,-0.76,1.0,-0.8266666666666667,0.96,-0.8533333333333334,0.41333333333333333,-0.52,0.36,-0.4666666666666667,0.10673964008643926,0.10408180455582312,0.0492756648540243
10,0.8493150684931506,-0.8356164383561644,1.0,-0.8904109589041096,0.9863013698630136,-0.8767123287671232,0.4246575342465753,-0.547945205479452,0.3287671232876712,-0.5068493150684932,0.15388936299006054,0.13726555403661328,0.018593592822160564
10,0.9240506329113924,-0.7468354430379747,1.0,-0.8227848101265823,0.9873417721518988,-0.7848101265822784,0.5189873417721519,-0.5189873417721519,0.379746835443038,-0.4810126582278481,0.11028219331407116,0.07578418860978353,0.04109974682633933
10,0.9090909090909091,-0.5844155844155844,1.0,-0.6623376623376623,0.922077922077922,-0.6623376623376623,0.38961038961038963,-0.42857142857142855,0.2987012987012987,-0.4155844155844156,0.12798752107218245,0.08444210027186305,0.08329317462379034
10,0.9384615384615385,-0.8769230769230769,0.9076923076923077,-1.0,0.8769230769230769,-0.9692307692307692,0.27692307692307694,-0.5384615384615384,0.15384615384615385,-0.5538461538461539,0.12353268053347082,0.1080261953735948,0.04237135986070358
11,0.672,-0.632,0.68,-1.0,0.712,-0.64,0.304,-0.344,0.208,-0.304,0.4546404189734376,0.05038419083595669,0.4464050681457784
11,0.5491803278688525,-0.6475409836065574,0.4918032786885246,-1.0,0.5409836065573771,-0.6639344262295082,0.22131147540983606,-0.36885245901639346,0.13114754098360656,-0.319672131147541,0.4826095872897861,0.0247703899333457,0.459021458618579
11,0.88,-0.57,0.97,-1.0,0.92,-0.56,0.42,-0.33,0.27,-0.28,0.47876523685309735,0.044933310308688724,0.48259492561855555
11,0.860655737704918,-0.3360655737704918,1.0,-0.6639344262295082,0.9098360655737705,-0.29508196721311475,0.4262295081967213,-0.22131147540983606,0.3114754098360656,-0.1721311475409836,0.447616608178074,0.08043686403825591,0.47709522712854013
11,0.8571428571428571,-0.5119047619047619,1.0,-0.9523809523809523,0.8809523809523809,-0.4880952380952381,0.38095238095238093,-0.2976190476190476,0.21428571428571427,-0.2619047619047619,0.49946385104388463,0.036318641127144904,0.5169828124410322
11,0.7792207792207793,-0.5194805194805194,0.8701298701298701,-1.0,0.7402597402597403,-0.5324675324675324,0.2987012987012987,-0.2987012987012987,0.1038961038961039,-0.2857142857142857,0.5387730098960284,0.04524470031791269,0.5345771916172058
11,0.589041095890411,-0.547945205479452,0.6712328767123288,-1.0,0.5342465753424658,-0.547945205479452,0.1643835616438356,-0.3424657534246575,0.0,-0.273972602739726,0.550964419621769,0.06570634109109304,0.5664195306726887
11,0.7307692307692307,-0.5512820512820513,0.7564102564102564,-1.0,0.7051282051282052,-0.5769230769230769,0.2692307692307692,-0.3333333333333333,0.15384615384615385,-0.3076923076923077,0.5393399428602493,0.0435142634576337,0.5114083119567588
11,0.8604651162790697,-0.5581395348837209,0.8837209302325582,-1.0,0.872093023255814,-0.5930232558139535,0.43023255813953487,-0.37209302325581395,0.3023255813953488,-0.3372093023255814,0.5054397108863341,0.04200346122781364,0.4650828384033064
11,0.9130434782608695,-0.5760869565217391,0.9782608695652174,-1.0,0.967391304347826,-0.5652173913043478,0.45652173913043476,-0.3695652173913043,0.358695652173913,-0.30434782608695654,0.467336819846433,0.060391020244177834,0.4738941620372815
11,0.5929203539823009,-0.6194690265486725,0.5398230088495575,-1.0,0.6283185840707964,-0.6637168141592921,0.26548672566371684,-0.36283185840707965,0.17699115044247787,-0.336283185840708,0.5212409522446558,0.0768731682783601,0.47174412498520535
11,0.8717948717948718,-0.1111111111111111,1.0,-0.4358974358974359,0.8717948717948718,-0.1111111111111111,0.39316239316239315,-0.10256410256410256,0.2905982905982906,-0.06837606837606838,0.4738556921735212,0.0,0.4738556921735212
11,0.9021739130434783,-0.5217391304347826,0.9456521739130435,-1.0,0.9130434782608695,-0.5543478260869565,0.40217391304347827,-0.34782608695652173,0.2717391304347826,-0.34782608695652173,0.5228298683879226,0.03742143897105793,0.48647870662375303
11,0.6590909090909091,-0.5227272727272727,0.7159090909090909,-1.0,0.6363636363636364,-0.5681818181818182,0.25,-0.3409090909090909,0.09090909090909091,-0.3181818181818182,0.6049161113233775,0.06395948809844795,0.5526114577123129
11,0.524390243902439,-0.5609756097560976,0.5487804878048781,-1.0,0.5,-0.573170731707317,0.1951219512195122,-0.3902439024390244,0.036585365853658534,-0.34146341463414637,0.5988494716163424,0.037139067635410375,0.5851024077767983
11,0.8297872340425532,-0.5531914893617021,0.8404255319148937,-1.0,0.8297872340425532,-0.5957446808510638,0.3723404255319149,-0.35106382978723405,0.24468085106382978,-0.3617021276595745,0.5217360570857813,0.049675070053540764,0.4720765420638204
11,0.6238532110091743,-0.5963302752293578,0.5688073394495413,-1.0,0.6238532110091743,-0.6330275229357798,0.25688073394495414,-0.3577981651376147,0.1651376146788991,-0.3577981651376147,0.5455826036069062,0.0491436093467161,0.49693399584493625
11,0.8899082568807339,-0.3577981651376147,1.0,-0.7614678899082569,0.908256880733945,-0.3577981651376147,0.43119266055045874,-0.24770642201834864,0.30275229357798167,-0.22935779816513763,0.5023603593033282,0.02202995908544723,0.497018531373829
11,0.9130434782608695,-0.5108695652173914,0.8478260869565217,-1.0,0.9130434782608695,-0.5,0.3804347826086957,-0.29347826086956524,0.29347826086956524,-0.2391304347826087,0.5695284068703638,0.012545165491583023,0.5819658867652934
11,0.8018867924528302,-0.5283018867924528,0.8490566037735849,-1.0,0.8018867924528302,-0.5566037735849056,0.3490566037735849,-0.330188679245283,0.24528301886792453,-0.330188679245283,0.5684886247971391,0.03394003943306917,0.5347276879339469
11,0.9009009009009009,-0.5495495495495496,0.918918918918919,-1.0,0.9009009009009009,-0.5495495495495496,0.4864864864864865,-0.38738738738738737,0.36936936936936937,-0.34234234234234234,0.5220434715192361,0.0,0.5220434715192361
11,0.7666666666666667,-0.5222222222222223,0.8222222222222222,-1.0,0.7555555555555555,-0.5666666666666667,0.3,-0.3333333333333333,0.18888888888888888,-0.34444444444444444,0.5898636294720436,0.05618123556057231,0.5376642142435449
11,0.9494949494949495,-0.48484848484848486,1.0,-0.9393939393939394,0.9494949494949495,-0.5050505050505051,0.6161616161616161,-0.3838383838383838,0.48484848484848486,-0.29292929292929293,0.5244587915338766,0.023166713884982322,0.5014402977415302
11,0.9026548672566371,-0.49557522123893805,0.9203539823008849,-1.0,0.9557522123893806,-0.5575221238938053,0.504424778761062,-0.336283185840708,0.4247787610619469,-0.23008849557522124,0.6051828987291433,0.09782595098148143,0.5322307149054476
11,0.5866666666666667,-0.5333333333333333,0.64,-1.0,0.5733333333333334,-0.5333333333333333,0.2,-0.3333333333333333,0.04,-0.29333333333333333,0.5869674745786302,0.016662038965156757,0.5890920370328414
11,0.8690476190476191,-0.42857142857142855,1.0,-0.9642857142857143,0.9166666666666666,-0.39285714285714285,0.4523809523809524,-0.2976190476190476,0.27380952380952384,-0.2619047619047619,0.6299361290061231,0.06799103665255266,0.6596181879285575
11,0.88,-0.32,1.0,-0.82,0.92,-0.32,0.45,-0.21,0.34,-0.19,0.6352002223297264,0.0494128504326902,0.6255167252027053
11,0.8434782608695652,-0.33043478260869563,1.0,-0.7565217391304347,0.9304347826086956,-0.3130434782608696,0.4782608695652174,-0.22608695652173913,0.40869565217391307,-0.16521739130434782,0.5710288521450129,0.1115556236754871,0.5647073047820342
11,0.9320388349514563,-0.4174757281553398,1.0,-0.9029126213592233,0.8932038834951457,-0.47572815533980584,0.44660194174757284,-0.3592233009708738,0.32038834951456313,-0.36893203883495146,0.5759585632038559,0.08226365353781011,0.5173964776109785
11,0.6268656716417911,-0.5522388059701493,0.6716417910447762,-1.0,0.6119402985074627,-0.5223880597014925,0.1791044776119403,-0.2835820895522388,0.014925373134328358,-0.23880597014925373,0.5362529492334109,0.03977157173635786,0.57359376480493051212
12,0.36363636363636365,-0.45454545454545453,0.3181818181818182,-1.0,0.25757575757575757,-0.42424242424242425,0.10606060606060606,-0.25757575757575757,-0.045454545454545456,-0.15151515151515152,0.5844087866723141,0.11777399743853113,0.6181415104832106
12,0.4,-0.43333333333333335,0.38333333333333336,-1.0,0.26666666666666666,-0.43333333333333335,0.11666666666666667,-0.2833333333333333,-0.03333333333333333,-0.15,0.5909571091539926,0.13898862837218867,0.6030909417096485
12,0.5686274509803921,-0.43137254901960786,0.5490196078431373,-1.0,0.47058823529411764,-0.4117647058823529,0.27450980392156865,-0.2549019607843137,-0.0392156862745098,-0.13725490196078433,0.4881847705772948,0.08578569128215631,0.5091853713811219
12,0.7317073170731707,-0.3902439024390244,0.7073170731707317,-1.0,0.5853658536585366,-0.5121951219512195,0.43902439024390244,-0.2926829268292683,0.17073170731707318,-0.12195121951219512,0.44195001164442993,0.1379592741009187,0.3641501121957379
12,0.7142857142857143,-0.37142857142857144,0.7428571428571429,-1.0,0.5428571428571428,-0.6,0.2857142857142857,-0.37142857142857144,-0.11428571428571428,-0.17142857142857143,0.3743973963646439,0.17000510022951149,0.26610007244439693
12,0.9032258064516129,-0.3548387096774194,0.9354838709677419,-1.0,0.6451612903225806,-0.5806451612903226,0.45161290322580644,-0.3225806451612903,-0.03225806451612903,-0.0967741935483871,0.36530023209325735,0.19391749107397702,0.2884348722688804
12,1.0,-0.3103448275862069,1.0,-0.8275862068965517,0.6206896551724138,-0.5862068965517241,0.41379310344827586,-0.3103448275862069,-0.10344827586206896,-0.06896551724137931,0.2631174057921088,0.2385855756810896,0.22870874995874627
12,1.0,-0.16666666666666666,0.9444444444444444,-0.3888888888888889,0.5555555555555556,-0.25,0.3611111111111111,-0.1388888888888889,0.05555555555555555,0.1388888888888889,0.1579687577983918,0.311845645186875,0.2847822280817268
12,1.0,0.4,0.9333333333333333,0.06666666666666667,0.6333333333333333,0.16666666666666666,0.2,0.23333333333333334,-0.1,0.43333333333333335,0.2374206471342306,0.30354723093649544,0.2208630521496931
12,1.0,0.3448275862068966,0.9310344827586207,-0.06896551724137931,0.41379310344827586,0.0,0.06896551724137931,0.06896551724137931,-0.2413793103448276,0.41379310344827586,0.2740928739557077,0.44436688550567105,0.3409452372776822
12,0.9375,-0.5,0.8125,-1.0,0.375,-0.5,-0.375,-0.375,-0.9375,0.125,0.17592980766057403,0.19201160638565623,0.22679015262410415
12,0.8125,0.125,0.625,-0.4375,0.125,-0.375,-0.4375,-0.0625,-1.0,0.4375,0.21293203229630286,0.3052851002642038,0.18095743129130287
12,0.29508196721311475,-0.39344262295081966,0.3770491803278688,-1.0,0.21311475409836064,-0.3770491803278688,-0.04918032786885246,-0.29508196721311475,-0.2459016393442623,-0.18032786885245902,0.6023552593005889,0.08226365353781012,0.6339353468184761
12,-0.16666666666666666,-0.3333333333333333,-0.2222222222222222,-1.0,-0.018518518518518517,-0.2222222222222222,-0.14814814814814814,-0.2037037037037037,-0.4074074074074074,-0.12962962962962962,0.6845302678568773,0.18949048189527845,0.8227029934550235
12,-0.32075471698113206,-0.18867924528301888,-0.49056603773584906,-1.0,-0.33962264150943394,-0.3584905660377358,-0.20754716981132076,-0.20754716981132076,-0.39622641509433965,-0.11320754716981132,0.8919351027597451,0.18384910835080218,0.7091441377316339
12,-0.29411764705882354,-0.23529411764705882,-0.47058823529411764,-1.0,-0.27450980392156865,-0.3333333333333333,-0.17647058823529413,-0.17647058823529413,-0.37254901960784315,-0.058823529411764705,0.79479775416866,0.10125396748078254,0.7037528961228235
12,-0.509090909090909,-0.3090909090909091,-0.7636363636363637,-1.0,-0.7454545454545455,-0.4909090909090909,-0.38181818181818183,-0.21818181818181817,-0.5636363636363636,-0.10909090909090909,0.7343679487267039,0.29741846641240055,0.5080735873290412
12,-0.4444444444444444,0.16666666666666666,-1.0,-0.1388888888888889,-0.7222222222222222,-0.2777777777777778,-0.4166666666666667,0.027777777777777776,-0.6111111111111112,0.25,0.5678036545312207,0.4693581039067828,0.2781213496812405
12,0.21875,-0.9375,0.5,-1.0,0.09375,-0.9375,-0.3125,-0.9375,-0.65625,-0.9375,0.15732919388188815,0.06825898811407623,0.224451703643549
12,0.024390243902439025,-1.0,0.1951219512195122,-0.8780487804878049,0.0,-0.8536585365853658,-0.24390243902439024,-0.7804878048780488,-0.4878048780487805,-0.8048780487804879,0.16663539418929846,0.11782901721694636,0.15617376188860604
12,0.0,-1.0,0.16666666666666666,-0.8333333333333334,0.0,-0.8095238095238095,-0.21428571428571427,-0.8095238095238095,-0.40476190476190477,-0.8571428571428571,0.19248646627111873,0.1555525549565071,0.1374903330507991
12,0.24528301886792453,-1.0,0.3018867924528302,-0.7547169811320755,0.1320754716981132,-0.7169811320754716,-0.07547169811320754,-0.6792452830188679,-0.2830188679245283,-0.6792452830188679,0.246476881760381,0.2984602122453098,0.17032392347480088
12,0.3333333333333333,-1.0,0.38095238095238093,-0.7936507936507936,0.14285714285714285,-0.7777777777777778,-0.06349206349206349,-0.7142857142857143,-0.25396825396825395,-0.6825396825396826,0.20692834719008488,0.28598907710813426,0.2331654550319472
12,0.5230769230769231,-1.0,0.49230769230769234,-0.8615384615384616,0.2,-0.7846153846153846,-0.03076923076923077,-0.7384615384615385,-0.24615384615384617,-0.6923076923076923,0.12963433684424452,0.3548790024306209,0.2762512423729777
12,0.13636363636363635,-1.0,0.30303030303030304,-0.7272727272727273,0.15151515151515152,-0.7121212121212122,-0.015151515151515152,-0.6666666666666666,-0.18181818181818182,-0.6515151515151515,0.313769545102179,0.28299910878874024,0.14948288444956778
12,0.0,-1.0,0.1935483870967742,-0.7741935483870968,0.04838709677419355,-0.7096774193548387,-0.11290322580645161,-0.6451612903225806,-0.27419354838709675,-0.6290322580645161,0.2841832067731598,0.28124257709919503,0.15179057957431327
12,0.12,-1.0,0.26,-0.88,0.08,-0.84,-0.18,-0.78,-0.44,-0.78,0.14687955630690647,0.13137306896290032,0.14687955630690647
12,0.19444444444444445,-1.0,0.4444444444444444,-0.9722222222222222,0.027777777777777776,-0.9444444444444444,-0.3888888888888889,-0.8611111111111112,-0.75,-0.8333333333333334,0.13699852894442555,0.09568392309065225,0.22743808878418073
12,0.6923076923076923,-0.8717948717948718,0.6923076923076923,-1.0,0.2564102564102564,-0.8461538461538461,-0.1282051282051282,-0.6923076923076923,-0.4358974358974359,-0.5897435897435898,0.07286276689020073,0.2481616418127316,0.26271044209479855
12,0.8157894736842105,-0.8947368421052632,0.7894736842105263,-1.0,0.3684210526315789,-0.8157894736842105,0.0,-0.6842105263157895,-0.39473684210526316,-0.5789473684210527,0.0595305097631633,0.24924317379445982,0.2521535346665196
12,0.9473684210526315,-0.9210526315789473,0.8421052631578947,-1.0,0.4473684210526316,-0.8157894736842105,0.05263157894736842,-0.6842105263157895,-0.3157894736842105,-0.5526315789473685,0.0725018488207177,0.2815462531857365,0.24002382836574238
12,1.0,-0.775,0.925,-0.925,0.575,-0.6,0.2,-0.475,-0.15,-0.4,0.10004447409603903,0.2741859513962385,0.28492678712496006
12,1.0,-0.5555555555555556,0.8222222222222222,-0.6666666666666666,0.5111111111111111,-0.4888888888888889,0.2,-0.4,-0.022222222222222223,-0.26666666666666666,0.14548291799813093,0.34240528516707336,0.2486587086526889
12,1.0,-0.6176470588235294,0.8823529411764706,-0.8529411764705882,0.47058823529411764,-0.6176470588235294,0.0,-0.5,-0.4117647058823529,-0.38235294117647056,0.14124491030928973,0.28424989883468943,0.25463288325922817
12,0.7931034482758621,-0.7931034482758621,0.8275862068965517,-1.0,0.27586206896551724,-0.8275862068965517,-0.2413793103448276,-0.6551724137931034,-0.6896551724137931,-0.5172413793103449,0.09861058414884319,0.24371198615267356,0.2717539274952011
12,0.35714285714285715,-0.6785714285714286,0.5714285714285714,-0.8571428571428571,-0.07142857142857142,-0.7857142857142857,-0.5357142857142857,-0.6785714285714286,-1.0,-0.6071428571428571,0.12829573230293037,0.2031856384435789,0.2974981122988359
12,-0.3793103448275862,-0.6206896551724138,-0.1724137931034483,-0.7586206896551724,-0.5862068965517241,-0.6896551724137931,-0.8620689655172413,-0.5517241379310345,-1.0,-0.4482758620689655,0.1411501740966322,0.12379689211803457,0.2381280765531689
12,-0.6296296296296297,-0.7777777777777778,-0.3333333333333333,-0.8518518518518519,-0.5925925925925926,-0.7407407407407407,-0.8148148148148148,-0.5925925925925926,-1.0,-0.5185185185185185,0.16165934329448547,0.02772434865007138,0.1493001866510914
12,-0.5625,-1.0,-0.09375,-1.0,-0.4375,-0.90625,-0.6875,-0.78125,-0.875,-0.65625,0.29361010975735174,0.09787003658578391,0.2231780211373287
12,1.0,0.4642857142857143,0.8928571428571429,-0.14285714285714285,0.32142857142857145,-0.07142857142857142,-0.03571428571428571,0.03571428571428571,-0.42857142857142855,0.2857142857142857,0.4336042184948504,0.6080428342872529,0.40501586992313016
12,1.0,-0.7090909090909091,0.7636363636363637,-0.7090909090909091,0.5636363636363636,-0.509090909090909,0.34545454545454546,-0.43636363636363634,0.10909090909090909,-0.4,0.19336333812533713,0.39268758552188643,0.2313867390514192
12,1.0,-0.6271186440677966,0.7457627118644068,-0.6101694915254238,0.576271186440678,-0.4915254237288136,0.3898305084745763,-0.4067796610169492,0.23728813559322035,-0.3559322033898305,0.2331654550319472,0.4071173384951122,0.1893228885322731
12,1.0,-0.88,0.74,-0.78,0.52,-0.64,0.3,-0.58,0.12,-0.58,0.23570226039551584,0.45407660918649984,0.22064157206174584
12,1.0,-0.5324675324675324,0.7402597402597403,-0.5454545454545454,0.5584415584415584,-0.37662337662337664,0.36363636363636365,-0.2597402597402597,0.22077922077922077,-0.18181818181818182,0.22601504938337783,0.4069460597442876,0.21563120202471675
12,1.0,0.7325581395348837,0.813953488372093,0.3488372093023256,0.6162790697674418,0.36046511627906974,0.36046511627906974,0.36046511627906974,0.13953488372093023,0.43023255813953487,0.5177726326323646,0.6489745978868601,0.24042351841717252
12,0.8518518518518519,1.0,0.7654320987654321,0.5679012345679012,0.49382716049382713,0.5432098765432098,0.2345679012345679,0.5555555555555556,-0.012345679012345678,0.5185185185185185,0.6150333594644739,0.8100467714715592,0.380648278124248
12,0.359375,1.0,0.484375,0.171875,0.09375,0.234375,-0.21875,0.171875,-0.484375,0.21875,1.5094205893202588,1.4605572899222827,0.7129703533959671
12,0.24561403508771928,1.0,0.49122807017543857,0.22807017543859648,0.10526315789473684,0.2807017543859649,-0.21052631578947367,0.24561403508771928,-0.49122807017543857,0.2982456140350877,1.1543396380615196,1.0443299287102712,0.55509008277936312
12,0.8181818181818182,0.35064935064935066,1.0,-0.05194805194805195,0.36363636363636365,-0.07792207792207792,0.11688311688311688,0.03896103896103896,-0.06493506493506493,0.18181818181818182,0.5233031185136908,0.7400623674341965,0.7544738360147217
12,0.7714285714285715,0.4,1.0,0.014285714285714285,0.4142857142857143,0.02857142857142857,0.1,0.05714285714285714,-0.1,0.21428571428571427,0.4918291108334899,0.5652424415078267,0.6427012004080076
12,0.9166666666666666,0.6333333333333333,1.0,0.21666666666666667,0.38333333333333336,0.06666666666666667,0.1,0.11666666666666667,-0.18333333333333332,0.26666666666666666,0.4111577741142254,0.7529741635855165,0.6140953785367401
12,0.22784810126582278,1.0,0.31645569620253167,0.45569620253164556,0.0759493670886076,0.5443037974683544,-0.12658227848101267,0.569620253164557,-0.3037974683544304,0.5949367088607594,1.8089814242007705,1.5756771943166707,0.8407714027749386
12,0.2289156626506024,1.0,0.26506024096385544,0.43373493975903615,0.04819277108433735,0.5180722891566265,-0.14457831325301204,0.5421686746987951,-0.30120481927710846,0.5783132530120482,1.945503260124121,1.7647477074612565,0.7978212652787954
12,0.07894736842105263,1.0,0.19736842105263158,0.5263157894736842,-0.06578947368421052,0.6052631578947368,-0.2894736842105263,0.618421052631579,-0.42105263157894735,0.6052631578947368,1.888744957095417,1.626369490677704,1.0627952195773545
12,0.08860759493670886,1.0,0.20253164556962025,0.5316455696202531,-0.05063291139240506,0.5443037974683544,-0.26582278481012656,0.569620253164557,-0.3924050632911392,0.569620253164557,2.799613872989959,2.767572846278749,1.4722661334037292
12,-0.2823529411764706,1.0,-0.011764705882352941,0.5882352941176471,-0.24705882352941178,0.5647058823529412,-0.4470588235294118,0.5411764705882353,-0.5529411764705883,0.49411764705882355,1.7874282692882077,1.584303700347963,0.8578364788279959
12,0.039473684210526314,1.0,0.23684210526315788,0.5657894736842105,-0.02631578947368421,0.618421052631579,-0.25,0.631578947368421,-0.42105263157894735,0.631578947368421,1.4453477805280173,1.1733663337846119,0.8132448890725005
12,0.5769230769230769,1.0,0.18269230769230768,0.41346153846153844,-0.04807692307692308,0.4807692307692308,-0.2692307692307692,0.5,-0.40384615384615385,0.4807692307692308,4.14774898662527,4.768861312363834,1.4108316199577509
12,0.5229357798165137,1.0,0.1559633027522936,0.42201834862385323,-0.06422018348623854,0.47706422018348627,-0.25688073394495414,0.47706422018348627,-0.3761467889908257,0.47706422018348627,3.9946238943493273,4.5875750971734846,1.324228704526192
12,0.4805194805194805,1.0,0.12987012987012986,0.4805194805194805,-0.03896103896103896,0.5454545454545454,-0.23376623376623376,0.5844155844155844,-0.38961038961038963,0.5454545454545454,3.791641229055901,4.175915660659141,1.0943175335329005
12,0.2876712328767123,1.0,0.0410958904109589,0.3698630136986301,-0.1232876712328767,0.4246575342465753,-0.2876712328767123,0.4794520547945205,-0.4246575342465753,0.4794520547945205,3.2642030932619885,3.410745926175939,0.8358767590571458
12,0.8548387096774194,1.0,0.3387096774193548,0.3870967741935484,0.08064516129032258,0.5,-0.12903225806451613,0.5806451612903226,-0.25806451612903225,0.6290322580645161,17.564168070250297,20.20210385083692,6.174544517614233
12,0.4305555555555556,1.0,0.1527777777777778,0.4305555555555556,-0.027777777777777776,0.4861111111111111,-0.2361111111111111,0.5416666666666666,-0.3888888888888889,0.5555555555555556,4.000961422919785,4.348297633291943,1.192927878405448
